Date,XLB Closing Price,XLB Log Return,XLB Volatility
2024-01-16,39.54264450073242,-0.011570612441972826,0.005881393055889477
2024-01-17,39.255027770996094,-0.007300165062213655,0.005000876439338404
2024-01-18,39.379661560058594,0.0031699468641286977,0.006004014357533727
2024-01-19,39.41801071166992,0.0009733575506348651,0.0063477137036977195
2024-01-22,39.53305435180664,0.0029143044864050937,0.006684879400772579
2024-01-23,39.66248321533203,0.003268592719563969,0.004517573672158291
2024-01-24,39.1255989074707,-0.013628777439536633,0.007309839774873278
2024-01-25,39.53784942626953,0.010481470154681368,0.008839043402157503
2024-01-26,39.5522346496582,0.00036376806815619704,0.00884028931038648
2024-01-29,39.74877166748047,0.004956744670666086,0.009014814209560608
2024-01-30,39.93092727661133,0.00457220418439549,0.009111961601425715
2024-01-31,39.408416748046875,-0.01317172682363554,0.008924505776491173
2024-02-01,40.06515121459961,0.01652749291816582,0.010690587510323975
2024-02-02,39.830265045166016,-0.005879857872968064,0.01136756243202562
2024-02-05,38.818809509277344,-0.02572214125406444,0.0162147063780111
2024-02-06,39.50429153442383,0.017504402118846234,0.01888240183503944
2024-02-07,39.82067108154297,0.007976838923971965,0.0181502984013817
2024-02-08,39.7679443359375,-0.0013249822991069041,0.016255023071187823
2024-02-09,39.85422897338867,0.002167352827514839,0.016109339267290763
2024-02-12,40.17061233520508,0.007907169950888656,0.007152990721342223
2024-02-13,39.6049690246582,-0.014181101040770144,0.009116115271363204
2024-02-14,39.85902786254883,0.006394334881080989,0.00881450638756876
2024-02-15,40.61161804199219,0.01870525865169431,0.011947356019316334
2024-02-16,40.82733917236328,0.005297750420396427,0.011896212979780812
2024-02-20,40.74105453491211,-0.002115639789217872,0.012089815301254097
2024-02-21,40.96635818481445,0.0055149028328646925,0.007504804051225864
2024-02-22,41.378604888916016,0.01001275932052144,0.007634156460485592
2024-02-23,41.623077392578125,0.005890801340555075,0.004383933298932126
2024-02-26,41.37381362915039,-0.006006598796551545,0.0065300896693543265
2024-02-27,41.52720260620117,0.003700537316873508,0.005960022363335967
2024-02-28,41.65663528442383,0.0031119694873616836,0.005885855516250317
2024-02-29,41.97301483154297,0.007566241303665418,0.005261196519472203
2024-03-01,42.164756774902344,0.004557816819501934,0.00510006020609107
2024-03-04,42.47154998779297,0.007249715124319638,0.0020502529687586933
2024-03-05,42.24625015258789,-0.005318843642721918,0.0052348361461309716
2024-03-06,42.557838439941406,0.007348459128965753,0.005505656419028997
2024-03-07,43.08034896850586,0.012202897522977606,0.006498383116874539
2024-03-08,42.83106994628906,-0.005803180181260024,0.008189466067517298
2024-03-11,43.31523132324219,0.011240563265832474,0.008857861727066508
2024-03-12,43.310428619384766,-0.00011088409290095259,0.007732536409110458
2024-03-13,43.737064361572266,0.00980244562558132,0.00799425086037595
2024-03-14,43.50697708129883,-0.0052745794419817565,0.00813214123036095
2024-03-15,43.52614974975586,0.0004405832460641768,0.0070469115760570826
2024-03-18,43.605533599853516,0.001822158576776995,0.00544316215489041
2024-03-19,43.6103401184082,0.00011022118691569748,0.005429349961246706
2024-03-20,44.048126220703125,0.009988533006059138,0.0055016730815201035
2024-03-21,44.23093795776367,0.004141684103342564,0.004061399764909101
2024-03-22,43.95671844482422,-0.006219019938602207,0.005906643654345058
2024-03-25,43.971153259277344,0.0003283330826289195,0.005953503786045517
2024-03-26,43.93748092651367,-0.0007660757039925425,0.00602338604604264
2024-03-27,44.56769943237305,0.014241633206714071,0.007613247170872856
2024-03-28,44.687965393066406,0.002694866117742758,0.007555175474332504
2024-04-01,44.582130432128906,-0.0023711190078753385,0.006642387943438994
2024-04-02,44.418575286865234,-0.003675371516568805,0.007233689387842853
2024-04-03,44.68315887451172,0.005938927402715231,0.0072084190512392635
2024-04-04,44.23093795776367,-0.010172173642761947,0.006197394357601297
2024-04-05,44.6302375793457,0.008987103911663625,0.0077186202333728955
2024-04-08,44.663917541503906,0.0007543598729340906,0.007630818464006709
2024-04-09,44.76975631713867,0.002366867433214352,0.0073020500480200975
2024-04-10,44.072181701660156,-0.015704046244973673,0.009988973800904603
2024-04-11,44.038509368896484,-0.0007643189264272658,0.009087607353611023
2024-04-12,43.25914764404297,-0.017855746837966837,0.009714371628300942
2024-04-15,43.05228042602539,-0.004793516194917905,0.009006735292740332
2024-04-16,42.720333099365234,-0.007740209148003517,0.0072419989976212525
2024-04-17,42.816551208496094,0.002249746422079503,0.007750372779084089
2024-04-18,42.83098220825195,0.00033698576752239404,0.007941863422300487
2024-04-19,42.79730987548828,-0.0007864768449754552,0.004050945066394159
2024-04-22,42.84061050415039,0.0010112490392148895,0.003932826602538886
2024-04-23,42.47016525268555,-0.008684660912454482,0.0043399490337031705
2024-04-24,42.49903869628906,0.0006796214010008293,0.004079199131628806
2024-04-25,42.80211639404297,0.007106093060450125,0.005655352492508524
2024-04-26,43.066715240478516,0.006162880730479533,0.0062751477547860245
2024-04-29,43.42753219604492,0.008343191813610637,0.007016782585896729
2024-04-30,42.6385498046875,-0.01833485329804313,0.011085844272730738
2024-05-01,42.8598518371582,0.005176764066729345,0.011255642555170572
2024-05-02,42.6385498046875,-0.005176764066729272,0.011117808394534983
2024-05-03,43.07152557373047,0.01010335016559154,0.011847453916357735
2024-05-06,43.33131408691406,0.006013443471658688,0.011478456419414028
2024-05-07,43.846073150634766,0.01180960023378459,0.006620553642149632
2024-05-08,43.64401626586914,-0.004618974454183697,0.008063738636067004
2024-05-09,44.12991714477539,0.011071757266580379,0.006805127124631023
2024-05-10,44.182830810546875,0.0011983246661100028,0.006913689325244097
2024-05-13,44.15396499633789,-0.0006535400106543116,0.007323021521539397
2024-05-14,44.197265625,0.0009801930731343155,0.005788213807820305
2024-05-15,44.274234771728516,0.001739976507737605,0.004672444298372795
2024-05-16,43.95671844482422,-0.007197421902769283,0.003693284950960804
2024-05-17,44.33197021484375,0.00850061396014357,0.005617107606213339
2024-05-20,44.39451217651367,0.001409770123700424,0.00557080075274403
2024-05-21,44.39451217651367,0.0,0.005592686232968547
2024-05-22,43.96153259277344,-0.009800869895442486,0.007281142340001346
2024-05-23,43.57185363769531,-0.00890360915185334,0.007650359058439376
2024-05-24,43.951908111572266,0.008684655572912274,0.00771225319082935
2024-05-28,43.783531188964844,-0.003838292272024172,0.00753454647297678
2024-05-29,43.15812683105469,-0.014387007554508745,0.008844710636005153
2024-05-30,43.509315490722656,0.008104325509855447,0.010255647742590794
2024-05-31,44.03369140625,0.011979990307455595,0.01100122918231092
2024-06-03,43.7739143371582,-0.0059169778017552415,0.010754486844684762
2024-06-04,43.28801727294922,-0.011162217521368976,0.011724786797634654
2024-06-05,43.58628845214844,0.006866756487415185,0.009955746326452962
2024-06-06,43.634395599365234,0.001103113386881537,0.009352098087103427
2024-06-07,43.19661331176758,-0.010083632622575864,0.0076808308317450795
2024-06-10,43.15331268310547,-0.0010029106983624086,0.007662774221468875
2024-06-11,43.13888168334961,-0.0003344682562853249,0.006098862060693537
2024-06-12,43.22066116333008,0.0018939309248249866,0.004832404534614561
2024-06-13,43.20623016357422,-0.0003339469849814703,0.0046649723330953515
2024-06-14,42.806922912597656,-0.00928486179931167,0.004318563208390555
2024-06-17,43.12444305419922,0.007390120780972561,0.0060113088265199436
2024-06-18,43.07633590698242,-0.0011161651388993485,0.006027972882478289
2024-06-20,43.119632720947266,0.001004613517209168,0.005960155052811489
2024-06-21,43.12444305419922,0.00011155162169005595,0.00596598801090229
2024-06-24,43.402381896972656,0.006424361436206022,0.0038725262405560584
2024-06-25,42.85133361816406,-0.012777554515300278,0.007048638582999313
2024-06-26,42.822330474853516,-0.0006770609084024484,0.007053777949255427
2024-06-27,42.70148849487305,-0.0028259276036827112,0.006964256576714988
2024-06-28,42.686988830566406,-0.0003396164189869494,0.006933741368277433
2024-07-01,42.02959442138672,-0.015520163343237893,0.007178107643996001
2024-07-02,42.106929779052734,0.0018383307411437768,0.006917249553667239
2024-07-03,42.42113494873047,0.007434373846430388,0.008513300277733463
2024-07-05,42.488807678222656,0.0015939886832352609,0.008619669385992774
2024-07-08,42.61448669433594,0.0029535662139481595,0.00880640765692729
2024-07-09,42.179447174072266,-0.010261190101515707,0.006570242671113422
2024-07-10,42.744998931884766,0.013319135877391721,0.008717598658724974
2024-07-11,43.32988357543945,0.013590344330771041,0.00985901169065598
2024-07-12,43.74558639526367,0.009548176499785654,0.009966634424595982
2024-07-15,43.63440704345703,-0.002544733809835759,0.010643675512087497
2024-07-16,44.480316162109375,0.019200766367314038,0.008127066134199995
2024-07-17,44.38847351074219,-0.0020669277572637674,0.009625586682920963
2024-07-18,43.94860076904297,-0.009959043378355745,0.011506118187504919
2024-07-19,43.55706787109375,-0.00894880336085958,0.011778694853686175
2024-07-22,43.702083587646484,0.003323796934420127,0.011861413312104824
2024-07-23,43.87609100341797,0.003973767335541828,0.006575732923774755
2024-07-24,43.31538009643555,-0.012861777179261808,0.0079333323865584
2024-07-25,43.43623352050781,0.002786196065167364,0.007946761491137494
2024-07-26,44.146785736083984,0.016226154602431406,0.010333734380290394
2024-07-29,44.224124908447266,0.0017503314505710038,0.010333552300676903
2024-07-30,44.07911682128906,-0.0032843237612851196,0.010560115675342097
2024-07-31,44.538326263427734,0.010363954014302533,0.0077018519790207785
2024-08-01,44.35947036743164,-0.004023859850356242,0.00883558663191545
2024-08-02,43.52322769165039,-0.019031457486783702,0.010714215547028378
2024-08-05,42.551639556884766,-0.022576378752671378,0.01331377734785715
2024-08-06,42.7691650390625,0.005099013177658231,0.014486733045141205
2024-08-07,42.189109802246094,-0.013655273751209302,0.011327844089752308
2024-08-08,42.841670989990234,0.01534912400724154,0.0164129128261727
2024-08-09,42.807830810546875,-0.0007902014721121307,0.015028653654705768
2024-08-12,42.61931610107422,-0.004413468605464673,0.01081272468887241
2024-08-13,43.04469299316406,0.00993136774471817,0.011538522893366812
2024-08-14,43.04469299316406,0.0,0.008272167836478285
2024-08-15,43.72624969482422,0.015709653426659063,0.008396298821776574
2024-08-16,43.779422760009766,0.0012153057107828378,0.008149303216273862
2024-08-19,43.987274169921875,0.004736461682209978,0.006513744227586697
2024-08-20,43.8277587890625,-0.0036329897269944907,0.0073976009092028274
2024-08-21,44.33047103881836,0.01140489548794617,0.007757421619822778
2024-08-22,44.238624572753906,-0.0020740078320421666,0.0060070762595049645
2024-08-23,44.82351303100586,0.013134579577215724,0.007606313742203936
2024-08-26,45.02170181274414,0.004411789844194313,0.0076074575467714066
2024-08-27,45.02653121948242,0.00010726266535814453,0.00672184617513564
2024-08-28,44.83318328857422,-0.004303335044983113,0.006880803675940177
2024-08-29,45.079708099365234,0.005483650336318932,0.006512261019244404
2024-08-30,45.57274627685547,0.0108776544963523,0.005732110041740248
2024-09-03,44.538326263427734,-0.02295978563403796,0.01294962612227963
2024-09-04,44.354637145996094,-0.00413282158318096,0.012902871646791426
2024-09-05,44.00660705566406,-0.00787747825905972,0.01309029296144652
2024-09-06,43.45072555541992,-0.012712232800577426,0.012402562328408646
2024-09-09,43.87126159667969,0.009631922181382048,0.011948795895414772
2024-09-10,43.89059829711914,0.00044066296625333616,0.008526131261776145
2024-09-11,43.99694061279297,0.0024199646250172057,0.00879441669272198
2024-09-12,44.402976989746094,0.009186416535679684,0.009065525179596993
2024-09-13,44.80418014526367,0.008994925372971047,0.004357342728126376
2024-09-16,45.21988296508789,0.009235436841643942,0.004280723378414946
2024-09-17,45.30689239501953,0.0019222921920874101,0.0038215308749292545
2024-09-18,45.11354064941406,-0.0042767333400818355,0.006061223618295134
2024-09-19,45.79509735107422,0.014994603078371506,0.007457008460767648
2024-09-20,45.47123718261719,-0.0070970644207069035,0.0092033197589905
2024-09-23,45.868408203125,0.008696629421820243,0.009114130497300423
2024-09-24,46.494747161865234,0.013562736296220164,0.01023620317190895
2024-09-25,46.18400192260742,-0.0067058825634773375,0.01083702450120054
2024-09-26,47.140506744384766,0.02049918783709339,0.012323226394599396
2024-09-27,47.05796432495117,-0.0017525218747787591,0.011096576376414861
2024-09-30,46.795772552490234,-0.0055872565816434345,0.012281001486055678
2024-10-01,46.67925262451172,-0.0024930720929885004,0.011208843607868573
2024-10-02,46.499603271484375,-0.0038560159147309585,0.010797148266626392
2024-10-03,45.98493194580078,-0.01113000432901044,0.003743486446501021
2024-10-04,46.20827865600586,0.004845197291349534,0.005771753700945395
2024-10-07,46.07233428955078,-0.00294632773793902,0.00566942190825405
2024-10-08,45.85869598388672,-0.004647803676613751,0.005692077756995272
2024-10-09,46.1500244140625,0.006332647655494054,0.007182426203632169
2024-10-10,46.256832122802734,0.002311684658629945,0.004802448106733452
2024-10-11,46.557865142822266,0.006486776005660888,0.005158640741970935
2024-10-14,46.82490921020508,0.005719358782684931,0.004725792492278463
2024-10-15,46.7763557434082,-0.001037453311679379,0.0032711177906556872
2024-10-16,47.140506744384766,0.00775479112556495,0.0035763084245486717
2024-10-17,47.21333694458008,0.0015437678384272978,0.0036947278484201016
2024-10-18,47.40269470214844,0.004002662277963901,0.003451453130046857
2024-10-21,47.03853988647461,-0.007711814061132241,0.005808305229014008
2024-10-22,46.60641860961914,-0.0092289932298987,0.007425267414053302
2024-10-23,46.48017883300781,-0.002712309988141737,0.005714188864822523
2024-10-24,45.912105560302734,-0.012297140071185578,0.006384167189196542
2024-10-25,45.620784759521484,-0.006365401188915434,0.0035398822716767825
2024-10-28,45.9995002746582,0.00826711403356005,0.007950286107880027
2024-10-29,45.70332336425781,-0.006459516261055016,0.007625445146874094
2024-10-30,45.95094299316406,0.005403354174561792,0.008728931317374967
2024-10-31,45.34402847290039,-0.013295879310196325,0.009021687256589719
2024-11-01,45.21778869628906,-0.0027879267957356675,0.008776021242158418
2024-11-04,45.4168586730957,0.004392807887526073,0.007782564986577815
2024-11-05,45.48483657836914,0.0014956358681142104,0.007594244499963282
2024-11-06,46.111175537109375,0.013676331684912673,0.009883132715521183
2024-11-07,46.29081726074219,0.003888270036643699,0.0060427123424608735
2024-11-08,45.868408203125,-0.009167004465285188,0.008168692632974749
2024-11-11,45.66933822631836,-0.0043494689000631625,0.008677597667381758
2024-11-12,44.892478942871094,-0.01715686287803849,0.011885944456329834
2024-11-13,44.99930191040039,0.002376702670693255,0.008644702304824291
2024-11-14,44.63029479980469,-0.00823409251042858,0.007138977514640068
2024-11-15,44.31955337524414,-0.0069869189224682484,0.007063082781386972
2024-11-18,44.66427993774414,0.007748110510653554,0.009716190681769214
2024-11-19,44.51862335205078,-0.0032664717077227814,0.00668921212134564
2024-11-20,44.88277816772461,0.008146557513673375,0.007942641731191
2024-11-21,45.431427001953125,0.0121499288514239,0.008218908936343682
2024-11-22,45.683902740478516,0.005541907940716314,0.005734589924336532
2024-11-25,46.15487289428711,0.010256545326433192,0.006021312403410435
2024-11-26,45.81014633178711,-0.007496941336772506,0.007786714072383527
2024-11-27,45.785865783691406,-0.0005301660651735772,0.008072236445803278
2024-11-29,46.01892852783203,0.005077365437779209,0.006803609969705406
2024-12-02,45.98979187011719,-0.0006333455907826999,0.006688715986596609
2024-12-03,45.84413146972656,-0.0031722596017760224,0.004571713569037122
2024-12-04,45.39744186401367,-0.009791439541187635,0.005385569179308279
2024-12-05,44.80023956298828,-0.013242270057370628,0.007293104860702304
2024-12-06,44.62544250488281,-0.003909330668328973,0.0051932983001096505
2024-12-09,44.615726470947266,-0.0002177477970188928,0.005305769496073639
2024-12-10,44.159324645996094,-0.010282299820009892,0.005288880043793643
2024-12-11,44.00395584106445,-0.0035245731536723526,0.005348947204717337
2024-12-12,43.69807052612305,-0.006975586949255394,0.003809211815610129
2024-12-13,43.32421112060547,-0.008592321381315375,0.004047806933753635
2024-12-16,42.94063949584961,-0.008892941908312212,0.0025901637651174333
2024-12-17,42.702720642089844,-0.005556051640588396,0.0022280839335468666
2024-12-18,41.488887786865234,-0.028837006266768116,0.009634019867588451
2024-12-19,41.04219436645508,-0.010824958808200605,0.009303151499417461
2024-12-20,41.5520133972168,0.012345308939541617,0.01468195783392233
2024-12-23,41.51979446411133,-0.0007756887818005457,0.015051476681527596
2024-12-24,41.744300842285156,0.005392646648309685,0.016029553854531812
2024-12-26,41.68085479736328,-0.0015210293985655175,0.008621488296427723
2024-12-27,41.45635223388672,-0.005400785453181162,0.006953575746076964
2024-12-30,40.89995574951172,-0.013512139226465603,0.006958929112038622
2024-12-31,41.065887451171875,0.004048806718869248,0.0076708275264448615
2025-01-02,40.61199188232422,-0.011114398292729255,0.007119297778926058
2025-01-03,40.602230072021484,-0.00024039657377328293,0.007318479824844892
2025-01-06,40.875545501708984,0.006708981754416205,0.009052005584425244
2025-01-07,40.85114669799805,-0.000597082881469864,0.006801879337324998
2025-01-08,41.07565689086914,0.005480764414988497,0.007053049807812929
2025-01-10,40.65591812133789,-0.01027124363163331,0.0067217601265051104
2025-01-13,41.563724517822266,0.02208336742720567,0.011821828049222266
2025-01-14,42.08107376098633,0.012370305172587451,0.012325030865367766
2025-01-15,42.48128890991211,0.009465632806219617,0.011828165410699927
2025-01-16,42.83269500732422,0.00823799495955568,0.011755556434729496
2025-01-17,43.11089324951172,0.006473995780198947,0.006175539980019105
2025-01-21,43.66240310668945,0.012711682204384463,0.0026779118548825196
2025-01-22,43.310997009277344,-0.00808081572444227,0.008066536035698232
2025-01-23,43.55015182495117,0.00550661425052669,0.007802037932290032
2025-01-24,43.43790054321289,-0.0025808450928357356,0.008161049364211664
2025-01-27,43.46229934692383,0.0005615362078086691,0.007921559019934639
2025-01-28,43.32075881958008,-0.0032619420388381773,0.005022377598617287
2025-01-29,43.24266815185547,-0.0018042420833073536,0.003560051563681256
2025-01-30,43.652645111083984,0.009436182134814364,0.005215554262785465
2025-01-31,43.33539962768555,-0.007294034275227132,0.006231754693913196
2025-02-03,43.379329681396484,0.0010132086629145605,0.0062537261696725245
2025-02-04,43.5062255859375,0.0029209917431174764,0.006152405324264065
2025-02-05,43.47206115722656,-0.0007855852706975215,0.006058505662525078
2025-02-06,43.62335968017578,0.003474319859457946,0.004340497909821939
2025-02-07,43.091373443603516,-0.012269954405227884,0.006450210126874366
2025-02-10,43.310997009277344,0.0050837503074944385,0.007019962203117527
2025-02-11,43.564796447753906,0.0058428280285533875,0.00746426457296178
2025-02-12,43.2524299621582,-0.007195987396308519,0.008204528283424137
2025-02-13,44.00405502319336,0.017228373394090737,0.011662270827038202
2025-02-14,43.85274887084961,-0.0034443843897354024,0.009474886842000806
2025-02-18,44.409149169921875,0.012608105695749602,0.010346209213151708
2025-02-19,43.88691329956055,-0.011829337471836308,0.012732896007435487
2025-02-20,43.784420013427734,-0.0023381264765241537,0.0120743188617948
2025-02-21,42.98399353027344,-0.018450243735762945,0.011689971899093826
2025-02-24,42.935184478759766,-0.0011361620978038163,0.011796589339104513
2025-02-25,43.26707458496094,0.007700302747213677,0.010132119842568031
2025-02-26,43.24755096435547,-0.00045133688813721144,0.009534058827376204
2025-02-27,42.95471954345703,-0.006794079682255118,0.009671572202341638
2025-02-28,43.32075881958008,0.008485411599416952,0.006456974014596437
2025-03-03,42.452003479003906,-0.020257830739135826,0.01185772419045823
2025-03-04,41.8760871887207,-0.013659155327121732,0.011200005754277301
2025-03-05,42.9693489074707,0.02577209289011307,0.018513407578010822
2025-03-06,42.744842529296875,-0.005238499898716586,0.018410588319878223
2025-03-07,42.86198043823242,0.002736650607540669,0.01784245999817604
2025-03-10,41.968814849853516,-0.021058357206714257,0.01804820523594836
2025-03-11,41.64669418334961,-0.0077048448015154545,0.017291012354088708
2025-03-12,41.45146942138672,-0.004698662706028824,0.008676835045247053
2025-03-13,41.42218017578125,-0.0007068410035592205,0.009155470167432773
2025-03-14,41.96393966674805,0.012994179724816689,0.012294029990258831
2025-03-17,42.49104690551758,0.012482722561711299,0.00969564886511185
2025-03-18,42.41783905029297,-0.001724386618452675,0.00840974233183984
2025-03-19,42.55937576293945,0.003331171628538979,0.007072646305185161
2025-03-20,42.29093933105469,-0.006327314805039778,0.008552876646813815
2025-03-21,41.8712043762207,-0.009974518621493294,0.008781167824048572
2025-03-24,42.43859100341797,0.013459769188572952,0.00914407392326812
2025-03-25,42.428775787353516,-0.00023130719095869063,0.009108076583849045
2025-03-26,42.507240295410156,0.0018476150400379516,0.008998027694862314
2025-03-27,42.48762893676758,-0.0004614715962921246,0.008367055449618192
2025-03-28,41.707908630371094,-0.018522183489458492,0.011454944074212872
2025-03-31,42.163970947265625,0.010875321124450693,0.01068403891975887
2025-04-01,42.320899963378906,0.003714965647761228,0.010925604399363784
2025-04-02,42.66907501220703,0.00819336625787919,0.011614657445827636
2025-04-03,40.74182891845703,-0.04621911701501234,0.024116353644920235
2025-04-04,38.19178771972656,-0.06463479090032746,0.03522000086323695
2025-04-07,37.578792572021484,-0.016180647409038604,0.03164569117439074
2025-04-08,36.42146682739258,-0.03128151511776615,0.027901503092716978
2025-04-09,39.604122161865234,0.08377485902455102,0.05801111547729029
2025-04-10,38.33890914916992,-0.03246792265678854,0.05646085038498495
2025-04-11,39.47661209106445,0.029243112404134616,0.049872180433375074
2025-04-14,39.95229721069336,0.011977775117244379,0.048216519074146244
2025-04-15,39.63844680786133,-0.007886646455454853,0.043875941969694236
2025-04-16,39.329498291015625,-0.00782469628051686,0.023273020759899326
2025-04-17,39.59921646118164,0.006834501762743491,0.015488178790281948
2025-04-21,38.99602508544922,-0.015349611681443266,0.01139305856418526
2025-04-22,39.908164978027344,0.023121218952062213,0.015330464073483232
2025-04-23,39.95720291137695,0.0012280151161399534,0.014720864996624268
2025-04-24,40.820289611816406,0.02137029808985122,0.01579774994807005
2025-04-25,40.51625061035156,-0.007476108935800852,0.01717167645879116
2025-04-28,40.58980941772461,0.0018138922668962264,0.013518997120165712
2025-04-29,40.92818069458008,0.008301804786036773,0.010711088899089054
2025-04-30,41.13904571533203,0.005138847601302499,0.010503214166084825
2025-05-01,40.957603454589844,-0.0044202183158480925,0.006553490148117536
2025-05-02,41.6490592956543,0.016741312809030694,0.007847684884452099
2025-05-05,41.340110778808594,-0.007445548468825086,0.009791286547930565
2025-05-06,41.04096984863281,-0.007262401577701788,0.010402903631078323
2025-05-07,40.815391540527344,-0.005511578460585805,0.010318539120918653
2025-05-08,41.35972595214844,0.013248350351048663,0.011992241253943615
2025-05-09,41.46760940551758,0.002605021975235994,0.008902926883350487
2025-05-12,42.428775787353516,0.022914180034453432,0.012799915884034585
2025-05-13,42.2179069519043,-0.0049823398823752255,0.012274833042483693
2025-05-14,41.830501556396484,-0.009218690656801304,0.013195356592513786
2025-05-15,42.25714111328125,0.010147584219969388,0.012771760707717498
2025-05-16,42.688690185546875,0.01016065834860945,0.012967573201011624
2025-05-19,42.796573638916016,0.0025240259155110993,0.008767717274719656
2025-05-20,42.7230224609375,-0.0017201015783000866,0.008249775781939852
2025-05-21,42.15415954589844,-0.01340457869751621,0.009789576685186931
2025-05-22,42.11002731323242,-0.0010474731519086082,0.008528128108903285
2025-05-23,42.02665710449219,-0.0019817808748530444,0.006024492396086771
2025-05-27,42.76224899291992,0.01735157057709118,0.011052311736913449
2025-05-28,42.178680419921875,-0.013740790427779807,0.012665973838415253
2025-05-29,42.33561325073242,0.003713762592411254,0.011236248373853067
2025-05-30,42.340511322021484,0.00011568954812800087,0.011198886739339718
2025-06-02,42.59061050415039,0.005889476075697141,0.011212063181684925
2025-06-03,43.027061462402344,0.01019543579881467,0.009132701895536914
2025-06-04,43.18888854980469,0.0037539985913312268,0.0036909512313419083
2025-06-05,42.93389129638672,-0.005921731719219463,0.006091415211345891
2025-06-06,43.04667663574219,0.0026235091662666857,0.005915153856224826
2025-06-09,43.33600616455078,0.00669881048788337,0.006013703735382406
2025-06-10,43.6057243347168,0.006204593211900193,0.005092143815379782
2025-06-11,43.17417907714844,-0.009945823812791382,0.007486937785362295
2025-06-12,43.355628967285156,0.00419393409505538,0.006849308691794367
2025-06-13,42.85051345825195,-0.011718916438204777,0.009124695924150212
2025-06-16,43.213409423828125,0.00843322275261531,0.009511211190350916
2025-06-17,42.79167175292969,-0.009807351972603396,0.009355727895780624
2025-06-18,42.66907501220703,-0.0028690791845523657,0.008699986164665423
2025-06-20,42.37974166870117,-0.006803962030134614,0.007992230188899479
2025-06-23,42.851932525634766,0.011080286581283377,0.009281721887290584
2025-06-24,43.20681381225586,0.008247466139734396,0.00923983841872137
2025-06-25,42.792781829833984,-0.009628770418717543,0.00919282394469381
2025-06-26,43.26595687866211,0.010996670976450122,0.01015051135347678
2025-06-27,43.32017517089844,0.00125235526843015,0.008798562647828438
2025-06-30,43.28074264526367,-0.0009106722966532304,0.008127574056780934
2025-07-01,44.39960861206055,0.02552286087813534,0.01340832700052923
2025-07-02,45.06501007080078,0.014875461125482005,0.010731769817994886
2025-07-03,45.035438537597656,-0.0006564125866556326,0.011770572315920378
2025-07-07,44.60169219970703,-0.009677902890753954,0.014121210975329186
2025-07-08,44.966434478759766,0.008144510972431,0.013611974048961941
2025-07-09,45.23752212524414,0.006010567004372436,0.009326336964081023
2025-07-10,45.47903823852539,0.005324643768043686,0.007214166560285259
2025-07-11,45.109371185302734,-0.008161510010814083,0.008522701058788228
2025-07-14,44.85799789428711,-0.005588113728864689,0.00745121235142717
2025-07-15,43.93629455566406,-0.020761164247326307,0.0110218019480998
2025-07-16,44.05458068847656,0.002688601601874723,0.010295868813377393
2025-07-17,44.36510467529297,0.007023894332623551,0.01075216041120323
2025-07-18,44.46861267089844,0.0023303773733825786,0.010992186337534657
2025-07-21,44.695343017578125,0.005085706070708244,0.011360518710079006
2025-07-22,45.311458587646484,0.01369063631731527,0.004618642838008063
2025-07-23,45.46425247192383,0.0033664077491902993,0.0044995528512347385
2025-07-24,44.996002197265625,-0.010352711443610288,0.008622103761561207
2025-07-25,45.52832794189453,0.011761078593336825,0.009476302139615164
2025-07-28,44.86785125732422,-0.014613193696037478,0.012794973054420978
2025-07-29,44.695343017578125,-0.0038522175201946836,0.010579846529053702
2025-07-30,43.79335021972656,-0.020387328751223704,0.012340113210602648
2025-07-31,43.24131774902344,-0.0126855168504683,0.012518273736535322
2025-08-01,42.74349594116211,-0.01157942545761597,0.00596374990999936
2025-08-04,43.31032180786133,0.01317394345430158,0.012741580430756308
2025-08-05,43.615909576416016,0.007030996802216479,0.014266235582628113
2025-08-06,43.14273452758789,-0.010907956097618401,0.012167258173663606
2025-08-07,43.330039978027344,0.0043321321524862405,0.01111284644896806
2025-08-08,43.546905517578125,0.004992486528153803,0.008892562631986007
2025-08-11,43.44832992553711,-0.002266230644187161,0.00733522693150196
2025-08-12,44.01515197753906,0.012961523488583303,0.008933184525737062
2025-08-13,44.84320831298828,0.018638208124641478,0.00814435298728273
2025-08-14,44.37496566772461,-0.010496671779216505,0.011641063925090922
2025-08-15,44.37496566772461,0.0,0.011829355289178925
2025-08-18,44.1186637878418,-0.005792566043865623,0.012371697428365417
2025-08-19,44.384822845458984,0.00601467513042427,0.0113280950059217
2025-08-20,44.41932678222656,0.0007770794191153334,0.006373258025826697
2025-08-21,44.55240249633789,0.002991417935268623,0.004361696459832165
2025-08-22,45.4346809387207,0.019609630203746804,0.009386505403700294
2025-08-25,45.18330383300781,-0.00554807638135395,0.009318440110066363
2025-08-26,45.30652618408203,0.002723453612735775,0.009324685915653082
2025-08-27,45.41989517211914,0.0024991407210424553,0.00920176701115008
2025-08-28,45.41989517211914,0.0,0.009415492262270479
2025-08-29,45.48396682739258,0.0014096577301346404,0.003398385756194817
2025-09-02,45.14386749267578,-0.0075054409894367985,0.004237605205372801
2025-09-03,44.838279724121094,-0.006792212740903212,0.0047199834433244645
2025-09-04,45.01079177856445,0.00384004561307002,0.005070152915558358
2025-09-05,45.32624053955078,0.006983847820445635,0.0064637626443150836
2025-09-08,45.36567306518555,0.0008695930332114823,0.0064301192381876265
2025-09-09,44.62633514404297,-0.016431560327363662,0.0094050132857397
2025-09-10,44.71012878417969,0.001875911828720772,0.009167239202924577
2025-09-11,45.64662170410156,0.020729529336017846,0.013354828510051743
2025-09-12,45.188232421875,-0.010092891717360766,0.014177371687787236
2025-09-15,44.82349395751953,-0.008104287637707455,0.014507434355854453
2025-09-16,44.68548583984375,-0.003083673333080203,0.012348446332572703
2025-09-17,44.78899383544922,0.002313688599377847,0.012364266433284584
2025-09-18,44.78899383544922,0.0,0.0052549375538401555
2025-09-19,44.7692756652832,-0.0004403428202567415,0.003980677230080485
2025-09-22,44.75392532348633,-0.00034293550225572783,0.0019164535928205529
2025-09-23,44.61030960083008,-0.0032141683172819536,0.0019639584540561967
2025-09-24,44.065555572509766,-0.012286564788042074,0.005209804535302911
2025-09-25,43.4910888671875,-0.013122361013210437,0.00634136163125368
2025-09-26,43.99622344970703,0.01154773606472596,0.010078136406620938
2025-09-29,44.16460418701172,0.0038198584691127896,0.01056275039845507
2025-09-30,44.382503509521484,0.004921668658022933,0.011068854876736029
2025-10-01,43.91698455810547,-0.010544189431356286,0.010644945100984364
2025-10-02,44.42707443237305,0.011547930866155399,0.00902801996801653
2025-10-03,44.50135803222656,0.0016706381766127165,0.008063423989561763
2025-10-06,44.46173858642578,-0.0008906940051763055,0.008114022938705653
2025-10-07,44.28345489501953,-0.004017883656659767,0.008112707110986326
2025-10-08,44.52116775512695,0.005353627340041857,0.006008429380495054
2025-10-09,43.91203308105469,-0.013776371366719577,0.007262630077033671
2025-10-10,43.01071548461914,-0.020739102630361397,0.010408386929276644
2025-10-13,43.69413375854492,0.01576457219000083,0.014599380899202517
2025-10-14,44.12993621826172,0.009924523809904972,0.015757268334044068
2025-10-15,43.93184280395508,-0.004498972213280123,0.015424367527253445
2025-10-16,43.6049919128418,-0.0074677685374977066,0.014519724999486722
2025-10-17,43.52080154418945,-0.0019326170016041673,0.00998701219057143
2025-10-20,44.040794372558594,0.011877329002525652,0.008758147033379626
2025-10-21,43.872413635253906,-0.0038306176515838283,0.0075603771107531515
2025-10-22,43.738704681396484,-0.0030523308054331965,0.007427672895605913
2025-10-23,44.26364517211914,0.011930288631872258,0.00815744703934825
2025-10-24,44.080413818359375,-0.004148136696288986,0.00854330392201195
2025-10-27,44.060604095458984,-0.00044950066842444543,0.006776628663220477
2025-10-28,44.120025634765625,0.0013477233828486355,0.006413637460540169
2025-10-29,43.25337600708008,-0.019838487110139316,0.011513276142599942
2025-10-30,42.67395782470703,-0.01348644113005218,0.00904338564474824
2025-10-31,42.42634201049805,-0.005819404008919146,0.008927213429344773
2025-11-03,42.16387176513672,-0.006205708106744035,0.00809940614824255
2025-11-04,41.955875396728516,-0.004945254813866974,0.006448994945548653
2025-11-05,42.2034912109375,0.005884467497910449,0.006938711862654645
2025-11-06,41.9954948425293,-0.0049406008610888875,0.005111227190590478
2025-11-07,42.50062561035156,0.01195644918966333,0.008129383171401787
2025-11-10,42.901763916015625,0.0093941459465394,0.007976523344229925
2025-11-11,43.347469329833984,0.010335381882555532,0.006784576795076839
2025-11-12,43.65451431274414,0.0070583737247944135,0.006777135258211367
2025-11-13,43.367279052734375,-0.00660147974506207,0.007496567834788657
2025-11-14,42.97109603881836,-0.009177513342342701,0.009333512324021747
2025-11-17,42.31739044189453,-0.015329581409369537,0.010975243266358764
2025-11-18,42.35205841064453,0.0008189015319502817,0.00873720405281016
2025-11-19,42.46100997924805,0.0025692179425464354,0.007355085101253767
2025-11-20,41.827117919921875,-0.015041359351326555,0.008532626045608843
2025-11-21,42.763099670410156,0.022130690237158922,0.015439955093095545
2025-11-24,42.847286224365234,0.0019667375683852127,0.013192591823500972
2025-11-25,43.48613357543945,0.014799807845071495,0.014193802081552024
2025-11-26,44.0209846496582,0.012224325185597915,0.0143874098505255
2025-11-28,44.27355194091797,0.0057210330308986755,0.007883813622901723
2025-12-01,44.16460418701172,-0.002463819097759688,0.007126523125711424
2025-12-02,43.763465881347656,-0.009124300996057958,0.010012464879236346
2025-12-03,44.07050704956055,0.0069914273178978146,0.00843697665828205
2025-12-04,43.81298828125,-0.005860474811214254,0.0070850638494150825
2025-12-05,43.66937255859375,-0.003283309921994996,0.00603258803863582
2025-12-08,43.065189361572266,-0.013932000261694772,0.00781446656109218
2025-12-09,42.97604751586914,-0.0020720733646407267,0.0075244313187857485
2025-12-10,43.81794357299805,0.019400478129170208,0.01238236128647294
2025-12-11,44.689544677734375,0.01969617032702235,0.014958363257035371
2025-12-12,44.719261169433594,0.0006647330206882623,0.014579709627076602
2025-12-15,44.689544677734375,-0.0006647330206881851,0.011128017265617603
2025-12-16,44.5706901550293,-0.0026631028513857727,0.011256252539129357
2025-12-17,44.75887680053711,0.0042133177247537885,0.008991457776116887
2025-12-18,44.73906707763672,-0.00044268554930972624,0.0025337003216248408
2025-12-19,44.93716049194336,0.004417976578247808,0.003173133229780764
2025-12-22,45.467796325683594,0.011739221969377971,0.005539716087895715
2025-12-23,45.54744338989258,0.0017501922708536533,0.004592159160936854
2025-12-24,45.637046813964844,0.001965322232168577,0.004715514041663418
2025-12-26,45.905853271484375,0.005872814382362546,0.004067463157865994
2025-12-29,45.53749084472656,-0.008056669905228547,0.007226887632371485
2025-12-30,45.52753448486328,-0.00021866484672721672,0.005148508686722339
2025-12-31,45.14921569824219,-0.008344387751253537,0.006275263765814412
2026-01-02,45.91580581665039,0.01683650240685805,0.01054902461809214
2026-01-05,46.37377166748047,0.009924622527776443,0.011135336638153788
2026-01-06,47.289695739746094,0.01955838908912693,0.011716047485776029
2026-01-07,46.47332763671875,-0.017413873899342305,0.016223557876368606
2026-01-08,47.289695739746094,0.01741387389934233,0.015345056711051677
2026-01-09,48.046329498291016,0.015873320573648906,0.015231855242573027
2026-01-12,48.305179595947266,0.0053730496352825995,0.015303944624414721
2026-01-13,48.514251708984375,0.004318811527587138,0.013921695356062072
2026-01-14,48.53416442871094,0.0004103667179432137,0.007522750693959734
2026-01-15,48.74323272705078,0.00429840078687166,0.005805737486794038
2026-01-16,48.464473724365234,-0.005735342947382956,0.004583753073710634
2026-01-20,47.97663879394531,-0.010116828363099075,0.0063879994145015564
2026-01-21,49.021995544433594,0.021554885409968718,0.012214973600235652
2026-01-22,49.30075454711914,0.0056703000947575044,0.012261396360901362
2026-01-23,49.74876403808594,0.009046233693519793,0.012554431192126668
2026-01-26,49.808494567871094,0.0011999232961670213,0.011540535901901402
2026-01-27,49.75871658325195,-0.0009998871755243948,0.00887420294877498
2026-01-28,49.728851318359375,-0.000600381865183644,0.004353046285251276
2026-01-29,49.778629302978516,0.0010004873696034303,0.004093435486288439
2026-01-30,49.05186080932617,-0.014707639184398047,0.006714003584716574
2026-02-02,49.430179595947266,0.007683038370174263,0.008155959401628502
2026-02-03,50.475528717041016,0.020927478322699176,0.012978342023062868
2026-02-04,51.66025924682617,0.023200167009158893,0.015509480759331588
2026-02-05,50.27641296386719,-0.027152766017863806,0.022186831235849
2026-02-06,51.28194046020508,0.019802612418828417,0.02103155124105671
2026-02-09,51.948978424072266,0.012923400368599219,0.021086736359515072
2026-02-10,52.675743103027344,0.013893014157027594,0.02039368293846912
2026-02-11,53.382598876953125,0.013329762223831339,0.019052644268794716
2026-02-12,52.596099853515625,-0.014842859410504913,0.013631375890073662
2026-02-13,53.073974609375,0.009044718025847708,0.012286909429970034
2026-02-17,52.4666748046875,-0.011508485325317752,0.014014234126258369
2026-02-18,52.78525924682617,0.0060537683790590465,0.012728222585118253
2026-02-19,52.596099853515625,-0.0035900010795890036,0.01048852656921964
2026-02-20,52.725521087646484,0.0024576397156877037,0.008194821114072508
2026-02-23,52.725521087646484,0.0,0.006695960100334546
2026-02-24,53.12375259399414,0.007524536946526983,0.0045059561790767935
2026-02-25,52.82508087158203,-0.005638051950442905,0.005177370140539383
2026-02-26,52.76534652709961,-0.0011314349667184717,0.004838960348876278
2026-02-27,53.17353057861328,0.007706067547863017,0.0058041322792590205
2026-03-02,53.01424026489258,-0.0030001653097387914,0.006166573200406427
2026-03-03,51.71003723144531,-0.0249086552936161,0.012004093119906063
2026-03-04,51.69012451171875,-0.0003851583911868351,0.012205614157216362
2026-03-05,50.60495376586914,-0.02121727600870261,0.01405001766950874
2026-03-06,49.63924789428711,-0.0192676629940184,0.011234969667448436
2026-03-09,49.768672943115234,0.0026039197051360738,0.012753172030550866
2026-03-10,49.65916061401367,-0.0022028514444736554,0.011243314391078783
2026-03-11,49.61933517456055,-0.0008022974416167836,0.011173143271186223
2026-03-12,49.460044860839844,-0.0032154107323616827,0.008501765596333007
2026-03-13,48.97221374511719,-0.00991209826391881,0.0045896579485778435
2026-03-16,49.1812858581543,0.004260111561551703,0.0051000459098786656
2026-03-17,49.30075454711914,0.002426203743895261,0.005540162942612215
2026-03-18,48.265357971191406,-0.021225309087531757,0.01036882640368868
2026-03-19,47.52863693237305,-0.015381664892808457,0.011091261907284922
2026-03-20,46.77199935913086,-0.016047692590489895,0.01168390933856265
2026-03-23,47.54999923706055,0.016497053370316313,0.015772725160373556
