Date,XLRE Closing Price,XLRE Log Return,XLRE Volatility
2024-01-16,36.45547866821289,-0.006088421132369301,0.007059169660069959
2024-01-17,35.78759765625,-0.018490354356441807,0.010050144184166485
2024-01-18,35.555686950683594,-0.006501285262808695,0.009374210429068348
2024-01-19,35.89890670776367,0.00960672726906648,0.011544696072589143
2024-01-22,36.06588363647461,0.004640525667034206,0.01093599320681562
2024-01-23,35.87107849121094,-0.005416009119348783,0.010898223225209867
2024-01-24,35.37944412231445,-0.013800380783351779,0.00934826113080976
2024-01-25,35.86180114746094,0.013541717145464717,0.011205887168115724
2024-01-26,35.70411682128906,-0.004406694857537526,0.010466549737233643
2024-01-29,35.96384048461914,0.00724800343444218,0.010880127419194177
2024-01-30,35.62990188598633,-0.009328776771610682,0.011442302472409226
2024-01-31,35.37016296386719,-0.00731661531243181,0.009948313739825626
2024-02-01,35.991668701171875,0.017418876095344447,0.011328231860837765
2024-02-02,35.537132263183594,-0.012709357634923668,0.012783214384551086
2024-02-05,34.83214569091797,-0.020037441912910244,0.014164607731380476
2024-02-06,35.36088943481445,0.015065703994659308,0.016848328133085084
2024-02-07,35.34233093261719,-0.0005249690898670939,0.01653459396665587
2024-02-08,35.537132263183594,0.005496707008118006,0.014037326249505893
2024-02-09,35.62990188598633,0.002607096852011083,0.01288799304530158
2024-02-12,35.518585205078125,-0.0031291395302789336,0.007033546830570743
2024-02-13,34.86925506591797,-0.018450589113085756,0.009331359513019409
2024-02-14,35.101158142089844,0.006628628149120806,0.010268740327432293
2024-02-15,35.945289611816406,0.02376392405686997,0.015326387278810274
2024-02-16,35.57423782348633,-0.010376330237002136,0.016325270817838168
2024-02-20,35.518585205078125,-0.0015656328559029104,0.016272726198817502
2024-02-21,35.778324127197266,0.007286152334961879,0.012643123396953258
2024-02-22,35.87107849121094,0.00258911902791028,0.012653864005388822
2024-02-23,35.91746520996094,0.001292315537110913,0.006547158474590146
2024-02-26,35.509307861328125,-0.011428817900994984,0.0069617388485144534
2024-02-27,35.537132263183594,0.0007832736792798696,0.006939714028610707
2024-02-28,35.991668701171875,0.01270935763492372,0.008574141208406327
2024-02-29,36.27923583984375,0.007958075470489712,0.009112600727419234
2024-03-01,36.6781120300293,0.010934612514058776,0.009846584352237729
2024-03-04,37.095550537109375,0.011316856116395267,0.004773185789690112
2024-03-05,36.6224479675293,-0.012835645964712561,0.010679993816139412
2024-03-06,36.826534271240234,0.00555724048779856,0.010017949563628144
2024-03-07,36.826534271240234,0.0,0.009980420686555419
2024-03-08,37.26251220703125,0.011769161269939864,0.01015190868349322
2024-03-11,37.076988220214844,-0.004991273035472676,0.009473813767184272
2024-03-12,36.98422622680664,-0.0025050100138967473,0.006731599248271436
2024-03-13,36.752323150634766,-0.006290064906250436,0.007218935980843683
2024-03-14,36.232852935791016,-0.014235191714791954,0.009474685715493564
2024-03-15,36.21430206298828,-0.0005121215100437692,0.00526359634031063
2024-03-18,36.20869445800781,-0.00015485702776881697,0.0058406985506026
2024-03-19,36.20869445800781,0.0,0.0061779786867587495
2024-03-20,36.35811996459961,0.004118293436826854,0.00701122088678601
2024-03-21,36.49821853637695,0.0038458903464411343,0.0023123376510524223
2024-03-22,36.068603515625,-0.011840673960441367,0.006494736366239673
2024-03-25,35.92851638793945,-0.003891469677055986,0.00661490871845932
2024-03-26,35.779083251953125,-0.004167852586157142,0.006632770554811541
2024-03-27,36.685001373291016,0.025004533649500102,0.014113040382827725
2024-03-28,36.918487548828125,0.0063444535618650925,0.014247622664546237
2024-04-01,36.274070739746094,-0.01760926181902827,0.015824237985794475
2024-04-02,35.87248229980469,-0.011132689522784586,0.01670617728016212
2024-04-03,35.89115905761719,0.0005205075406124588,0.01656665547412023
2024-04-04,35.61097717285156,-0.007837061480636759,0.009478666251748535
2024-04-05,35.84446334838867,0.0065351778624920965,0.009540656632084542
2024-04-08,36.15266036987305,0.008561422681434378,0.00865138286457881
2024-04-09,36.610294342041016,0.01257892861080428,0.007953440126964003
2024-04-10,35.10665512084961,-0.041938749953636195,0.022342950442914355
2024-04-11,35.144004821777344,0.0010633267923006626,0.02235720199512911
2024-04-12,34.77977752685547,-0.010417931551023864,0.02189868369113649
2024-04-15,34.1727180480957,-0.01760850449263791,0.020629815090433826
2024-04-16,33.64971160888672,-0.01542312209178253,0.015766375144016836
2024-04-17,33.369529724121094,-0.008361285848946172,0.007287748074848277
2024-04-18,33.378875732421875,0.0002800369026925407,0.006988743258689657
2024-04-19,33.50962448120117,0.0039094587228165854,0.009439103112975146
2024-04-22,33.78046417236328,0.008049956811024233,0.009503824091105104
2024-04-23,34.088661193847656,0.00908216035801544,0.007052779872871822
2024-04-24,34.219417572021484,0.003828435530417972,0.003563764233969216
2024-04-25,34.02328872680664,-0.005747995525114589,0.005855283547927632
2024-04-26,34.05130386352539,0.0008230717874115122,0.006004851799228414
2024-04-29,34.43421936035156,0.011182494315085436,0.006753219844598521
2024-04-30,33.79914093017578,-0.018615432893026567,0.011240619589009796
2024-05-01,33.81781768798828,0.0005524282271535374,0.010928528523642601
2024-05-02,34.303462982177734,0.01425849652900349,0.012868745062471812
2024-05-03,34.574310302734375,0.007864618836540778,0.013139418261783406
2024-05-06,34.583648681640625,0.0002700594147122982,0.012332065205148958
2024-05-07,34.9478759765625,0.010476704723867856,0.006162107447934797
2024-05-08,34.621002197265625,-0.009397195795549694,0.009395546011190692
2024-05-09,35.442867279052734,0.023461529794664895,0.012215734490529321
2024-05-10,35.31211853027344,-0.003695821463590489,0.012971825792562624
2024-05-13,35.405517578125,0.0026414656172839886,0.012833779581489973
2024-05-14,35.65766906738281,0.007096573046713029,0.012538877290286111
2024-05-15,36.264732360839844,0.01688146386294442,0.010909943069268195
2024-05-16,36.1993522644043,-0.0018044832695903554,0.008216350540859011
2024-05-17,36.1993522644043,0.0,0.007456903437289102
2024-05-20,35.97521209716797,-0.006211076984864299,0.009030762373019727
2024-05-21,35.94719696044922,-0.000779037813184797,0.008864886908107704
2024-05-22,35.63899230957031,-0.008610782564449778,0.003741545752732566
2024-05-23,34.882503509521484,-0.021454956666616735,0.008646066383036438
2024-05-24,34.882503509521484,0.0,0.008646066383036438
2024-05-28,34.677040100097656,-0.005907572025558875,0.00865765581234804
2024-05-29,34.35016632080078,-0.009470938767118773,0.007842557909607646
2024-05-30,34.845149993896484,0.014307098883013429,0.013116010027210186
2024-05-31,35.53626251220703,0.019639694859219858,0.012708781950292462
2024-06-03,35.396175384521484,-0.003949880025859035,0.013113645492292002
2024-06-04,35.732391357421875,0.00945382403722832,0.012301707660256614
2024-06-05,35.68568801879883,-0.001307885781538501,0.010076236495613566
2024-06-06,35.741729736328125,0.0015691937575299797,0.009562748359121541
2024-06-07,35.461551666259766,-0.00786984842848564,0.006522996329584968
2024-06-10,35.63899230957031,0.004991270158185912,0.006539253050931452
2024-06-11,35.52692794799805,-0.003149385374171262,0.004855100180759364
2024-06-12,35.779083251953125,0.007072513264661816,0.006080345433298811
2024-06-13,35.95653533935547,0.004947401384180552,0.006404733586997001
2024-06-14,35.984554290771484,0.0007789415750242135,0.0040946648485370475
2024-06-17,35.79776382446289,-0.005204370458405523,0.005199910838609364
2024-06-18,35.93784713745117,0.0039055495358889377,0.0047695020959073065
2024-06-20,35.84446334838867,-0.0026018622446682153,0.004287347661552793
2024-06-21,35.93784713745117,0.0026018622446682916,0.0037560237750903992
2024-06-24,36.1803092956543,0.0067240507447323145,0.004878637054009789
2024-06-25,35.67086410522461,-0.014180804669900534,0.008254976687405947
2024-06-26,35.623695373535156,-0.0013232072381547185,0.007845074690104628
2024-06-27,35.944454193115234,0.0089637909951555,0.009132718338134019
2024-06-28,36.236915588378906,0.008103559037059973,0.009751153933225171
2024-07-01,35.887855529785156,-0.009679414672529125,0.010360746175443875
2024-07-02,36.03880310058594,0.004197269698873698,0.007713859555075305
2024-07-03,36.00106430053711,-0.001047719960141134,0.007684649602857635
2024-07-05,36.133140563964844,0.003661963454667894,0.006819110679560566
2024-07-08,36.21804428100586,0.002346990065091677,0.0057286544539586325
2024-07-09,36.22748565673828,0.00026064757325922945,0.0022336620955346258
2024-07-10,36.482208251953125,0.0070065935805345425,0.003133258201168604
2024-07-11,37.45393371582031,0.026287046991265137,0.010559799368174704
2024-07-12,37.72753143310547,0.0072783610841197265,0.010316925205712021
2024-07-15,37.887908935546875,0.004241931069771563,0.010059747657464315
2024-07-16,38.24641036987305,0.009417673587791262,0.00882537341325237
2024-07-17,38.5860481262207,0.00884105429623851,0.008662467911101921
2024-07-18,38.265289306640625,-0.008347562784991576,0.007342439454964668
2024-07-19,38.218109130859375,-0.0012337365422965961,0.007461111441153553
2024-07-22,38.595481872558594,0.009825755387825486,0.008156786023068104
2024-07-23,38.52943801879883,-0.0017126467034491149,0.007713218448811079
2024-07-24,38.00111389160156,-0.013807100749089527,0.008869211684963728
2024-07-25,37.79357147216797,-0.005476450944985132,0.00852724377370445
2024-07-26,38.425662994384766,0.016586522232675798,0.012138287674397159
2024-07-29,38.670955657958984,0.006363274954094412,0.01160173891114772
2024-07-30,38.953983306884766,0.007292215798131731,0.011888969367009913
2024-07-31,38.85963821411133,-0.002424900349309338,0.008729705362511515
2024-08-01,39.46342468261719,0.015418151617341887,0.007722083999125227
2024-08-02,39.491729736328125,0.0007169906798819559,0.006855739033453611
2024-08-05,38.35019302368164,-0.02933171520884859,0.016909791830457665
2024-08-06,39.19926834106445,0.02189852084082764,0.019850239818951634
2024-08-07,38.91624069213867,-0.007246419844755281,0.020187961110554733
2024-08-08,39.24644088745117,0.0084491000814862,0.019093368693919536
2024-08-09,39.44456481933594,0.005035501802157402,0.01929289566374608
2024-08-12,39.208709716796875,-0.005997355122752687,0.01190312470337918
2024-08-13,39.482295989990234,0.006953459879528451,0.0074702993818509264
2024-08-14,39.623817443847656,0.0035780194145977086,0.005677362251812184
2024-08-15,39.51060485839844,-0.002861274762456324,0.005515067365124201
2024-08-16,39.491729736328125,-0.00047783707978460026,0.005129588344681955
2024-08-19,39.72758483886719,0.005954502400798491,0.004196906903451935
2024-08-20,39.765323638916016,0.0009494885419771487,0.0034413250342451183
2024-08-21,39.89741134643555,0.0033161760914043365,0.0034022084236509597
2024-08-22,40.14269256591797,0.006128977232960816,0.0029482055148660467
2024-08-23,40.91630172729492,0.019088138389604496,0.0070376814343520696
2024-08-26,40.88800048828125,-0.0006919254703308326,0.007882195735684943
2024-08-27,40.99177551269531,0.002534815922755372,0.007669419420490709
2024-08-28,40.850257873535156,-0.0034583153509283103,0.008794564028154083
2024-08-29,40.68988037109375,-0.003933711977975718,0.0095135981941258
2024-08-30,41.08612060546875,0.00969094430379602,0.005586178822709753
2024-09-03,41.18046188354492,0.002293551441611503,0.005542437867456326
2024-09-04,41.274803161621094,0.002288303098445901,0.00553118754086542
2024-09-05,41.161598205566406,-0.0027464815381910267,0.005382815954912487
2024-09-06,41.161598205566406,0.0,0.004620148090116075
2024-09-09,41.65217208862305,0.011847778932971405,0.005499181902689911
2024-09-10,42.38804626464844,0.017512876527881218,0.008555401309176348
2024-09-11,42.27483367919922,-0.002674434250397449,0.00931590363584689
2024-09-12,42.35030746459961,0.0017837206388378662,0.008592110480290384
2024-09-13,42.65220260620117,0.007103235203671622,0.00798076959059799
2024-09-16,42.79372024536133,0.0033124522232449503,0.007619946227028422
2024-09-17,42.45408248901367,-0.007968288742254621,0.005804556825539151
2024-09-18,42.3314323425293,-0.0028931883537426377,0.0058334402774345455
2024-09-19,42.227657318115234,-0.0024544984325271034,0.005865890443081634
2024-09-20,42.15218734741211,-0.001788815590422801,0.0040077760824131885
2024-09-23,42.61865234375,0.011005428427825929,0.007050657559535112
2024-09-24,42.61865234375,0.0,0.00582496136777362
2024-09-25,42.43814468383789,-0.004244409317241597,0.006064056425414497
2024-09-26,42.02013397216797,-0.00989871286820048,0.007672430255868086
2024-09-27,42.07713317871094,0.0013555545192411192,0.0077188293442238915
2024-09-30,42.43814468383789,0.008543158348959244,0.006841410809163081
2024-10-01,42.181640625,-0.006062526477354646,0.007182100175492387
2024-10-02,42.029640197753906,-0.00360998172294857,0.007139368169326434
2024-10-03,41.62112045288086,-0.00976734675114826,0.00710288078995566
2024-10-04,41.34560775756836,-0.006641546894677702,0.007084577627180833
2024-10-07,41.04159927368164,-0.0073800259689146015,0.0022264745707953914
2024-10-08,41.16510009765625,0.003004643607677634,0.004924933507742975
2024-10-09,41.18409729003906,0.00046138136915586567,0.005491191530476113
2024-10-10,40.84209060668945,-0.008339011577165644,0.005146696101625914
2024-10-11,41.26010513305664,0.0101828735424249,0.00768242266192542
2024-10-14,41.54511642456055,0.0068839237830902395,0.0070732133131477
2024-10-15,42.06763458251953,0.012498690782073805,0.008410944392512474
2024-10-16,42.48565673828125,0.009887860189805453,0.008381305011864145
2024-10-17,42.210140228271484,-0.006506048510807974,0.007587656509275374
2024-10-18,42.50465774536133,0.006953181987418651,0.007338658191802592
2024-10-21,41.630615234375,-0.020777824206012627,0.0139242156317944
2024-10-22,41.697120666503906,0.0015962379280099735,0.012319280622260327
2024-10-23,42.10563659667969,0.009749539977412769,0.012286671226518187
2024-10-24,42.20064163208008,0.0022538078447400657,0.01206996006101853
2024-10-25,41.868125915527344,-0.00791060604922086,0.01174140298470856
2024-10-28,42.00113296508789,0.0031717738499576057,0.006316969245973255
2024-10-29,41.62112045288086,-0.009088851654967346,0.007979859037098353
2024-10-30,41.77312469482422,0.003645441241399504,0.0063451150087760425
2024-10-31,41.04159927368164,-0.01766701410499187,0.009021383916986946
2024-11-01,40.604576110839844,-0.010705396414407846,0.00928539163223912
2024-11-04,41.06060028076172,0.011168258737766367,0.011670185887365826
2024-11-05,41.62112045288086,0.01355871054023366,0.013680156946903351
2024-11-06,40.50957107543945,-0.027069472580803777,0.017884159849605362
2024-11-07,41.013092041015625,0.012353064763689775,0.01808612826777354
2024-11-08,41.71612548828125,0.01699642260483988,0.018282000255055362
2024-11-11,41.35511016845703,-0.008691759301752217,0.018864002907777823
2024-11-12,40.832584381103516,-0.012715597648581359,0.01829135722069458
2024-11-13,41.155601501464844,0.00787964237026535,0.01314089759860196
2024-11-14,40.78508758544922,-0.00904352758952219,0.012881866297166927
2024-11-15,40.832584381103516,0.0011638852192567654,0.008526530668298478
2024-11-18,41.193599700927734,0.008802497761814519,0.009763922165450833
2024-11-19,41.36460876464844,0.004142757249138564,0.007182605080360001
2024-11-20,41.29810333251953,-0.0016090797117819726,0.00667057040438146
2024-11-21,41.573612213134766,0.006649069440011803,0.0041672070856740755
2024-11-22,41.88712692260742,0.0075129021712157145,0.00411880644939801
2024-11-25,42.447654724121094,0.013293116900076615,0.005414035871957179
2024-11-26,42.656654357910156,0.004911620955566959,0.005358814716690237
2024-11-27,42.951171875,0.0068806484640973106,0.003192064502669037
2024-11-29,42.75166320800781,-0.004655832614893159,0.006521859568247426
2024-12-02,42.10563659667969,-0.015226482443148419,0.011138698930253222
2024-12-03,41.85862350463867,-0.0058837844662256765,0.008952028020420784
2024-12-04,41.74462127685547,-0.002727221861808253,0.007897800338985779
2024-12-05,41.64012145996094,-0.0025064506568684302,0.005236036793471547
2024-12-06,41.5831184387207,-0.001369882504546787,0.005666791730539959
2024-12-09,41.668617248535156,0.002053983359446207,0.00285759493778818
2024-12-10,40.99409484863281,-0.01632023325415473,0.00705435542242337
2024-12-11,40.889591217041016,-0.0025524910602235007,0.007063740619508522
2024-12-12,40.861083984375,-0.0006974189204249329,0.00721301815461368
2024-12-13,40.69008255004883,-0.00419372750175837,0.007086853555132649
2024-12-16,40.4810791015625,-0.00514970849553802,0.0061290181183234
2024-12-17,40.30056381225586,-0.0044692230378661785,0.001792773967169252
2024-12-18,38.72350311279297,-0.03991872796302093,0.016321558252058384
2024-12-19,38.0584831237793,-0.017322725063077107,0.015394195985370642
2024-12-20,38.75200653076172,0.018058529690523628,0.021153376709173357
2024-12-23,38.92869186401367,0.004549022899923717,0.022105139963418882
2024-12-24,39.18796157836914,0.006638038240455602,0.023063475677981962
2024-12-26,39.245574951171875,0.0014691007371081136,0.012818285404278741
2024-12-27,38.92869186401367,-0.008107138977563651,0.009441018591241086
2024-12-30,38.74624252319336,-0.00469777484333805,0.0062190389823036695
2024-12-31,39.053524017333984,0.0078993319813747,0.006970761286762382
2025-01-02,38.68863296508789,-0.009387280877040365,0.007203883702754629
2025-01-03,39.216766357421875,0.013558533494061342,0.010271821424713662
2025-01-06,38.67902374267578,-0.01380693761719053,0.011605767241984002
2025-01-07,38.39094924926758,-0.007475695756339436,0.011873284122403243
2025-01-08,38.55419921875,0.004243288048235761,0.01121784691519423
2025-01-10,37.62274932861328,-0.024456120456218946,0.014919486150824557
2025-01-13,38.102874755859375,0.012680829424698298,0.014640454704848926
2025-01-14,38.429359436035156,0.008532003910794353,0.014976689797812633
2025-01-15,38.59260177612305,0.004238858163199701,0.014681490357545103
2025-01-16,39.45683670043945,0.022146738398555976,0.01755728478702019
2025-01-17,39.44723129272461,-0.00024347053343628023,0.008567457447879408
2025-01-21,40.167415618896484,0.01809224806733237,0.009377787844186934
2025-01-22,39.4664306640625,-0.01760565623416594,0.015842790684556223
2025-01-23,39.78331756591797,0.00799721381626451,0.015867470282212245
2025-01-24,39.8985481262207,0.002892267635280304,0.013085120572235598
2025-01-27,40.29225158691406,0.009819246732180154,0.0133807557776682
2025-01-28,39.802520751953125,-0.012228936390933235,0.012365152482007879
2025-01-29,39.34160232543945,-0.011647703445510298,0.010629522510968336
2025-01-30,39.860137939453125,0.013094233061599087,0.01183969327643522
2025-01-31,39.77370834350586,-0.0021706757595753505,0.011788130413185518
2025-02-03,39.70649719238281,-0.0016912680758865478,0.010263474561250244
2025-02-04,39.70649719238281,0.0,0.008853435926428767
2025-02-05,40.33066940307617,0.015597375348138499,0.008645906973905434
2025-02-06,40.44589614868164,0.0028529765526791695,0.007355703296461693
2025-02-07,40.301856994628906,-0.003567636280230196,0.00761910676569873
2025-02-10,40.35947036743164,0.0014285255272751172,0.007296831319384503
2025-02-11,40.58032989501953,0.005457391172910951,0.007092156839807419
2025-02-12,40.234642028808594,-0.008555097313729892,0.005584452939353535
2025-02-13,40.5515251159668,0.007845024056829058,0.006669433555460142
2025-02-14,40.388282775878906,-0.004033678005338509,0.006743713364940405
2025-02-18,40.53231430053711,0.003559827336021567,0.006888534593168346
2025-02-19,40.6091423034668,0.001893681210668549,0.0064645629948923535
2025-02-20,40.887611389160156,0.006833895997899239,0.0047154411313272415
2025-02-21,40.5515251159668,-0.00825372653925081,0.006069495319536747
2025-02-24,40.73396682739258,0.0044889195702700665,0.005846109828466319
2025-02-25,41.16608428955078,0.01055241031155913,0.007102319367773393
2025-02-26,40.96442794799805,-0.004910641399737947,0.007988561953361204
2025-02-27,41.14687728881836,0.004443959100554071,0.0076730066947944
2025-02-28,41.43495559692383,0.0069768244801894546,0.005726033180754643
2025-03-03,41.790252685546875,0.008538260328536006,0.006035606445766933
2025-03-04,41.31012725830078,-0.01155544102404824,0.008610011643166776
2025-03-05,41.69422149658203,0.009254864006330356,0.008633411495412328
2025-03-06,40.5515251159668,-0.02778915537365266,0.016359338160898327
2025-03-07,40.781982421875,0.005666985960413009,0.016170738395190093
2025-03-10,40.388282775878906,-0.009700663965751597,0.014872407885480726
2025-03-11,39.96577072143555,-0.010516356797939852,0.014796845171164558
2025-03-12,39.82173156738281,-0.003610573245135658,0.012245495247071903
2025-03-13,39.043922424316406,-0.01972555412482107,0.00937913694590186
2025-03-14,39.802520751953125,0.019243017328735536,0.014653733230233225
2025-03-17,40.503509521484375,0.01745837944865005,0.017220576015823864
2025-03-18,40.253841400146484,-0.006183187386081335,0.016621806455646752
2025-03-19,40.301856994628906,0.0011921093386456695,0.016394452025128195
2025-03-20,40.253841400146484,-0.001192109338645674,0.011509675968492035
2025-03-21,39.860137939453125,-0.009828662446479928,0.0105125304336755
2025-03-24,40.414852142333984,0.013820569317162211,0.009051580735980103
2025-03-25,39.93165588378906,-0.012027954812315306,0.010273863376925894
2025-03-26,40.13459396362305,0.005069264885094359,0.010676396075736672
2025-03-27,40.03795623779297,-0.0024107446349072065,0.010700560897214224
2025-03-28,40.01863098144531,-0.00048278992133662506,0.009542962110265955
2025-03-31,40.443843841552734,0.010569319907978757,0.008485599527918636
2025-04-01,40.47283935546875,0.0007166758203987388,0.005189478686219326
2025-04-02,40.66612243652344,0.004764257327999424,0.00515623949455089
2025-04-03,39.448455810546875,-0.030400469693296617,0.015932202628684708
2025-04-04,37.65094757080078,-0.046636781761509274,0.024951039413969468
2025-04-07,36.74253463745117,-0.024423055906025892,0.021659105173745193
2025-04-08,35.8341178894043,-0.02503461265837399,0.018583748016928123
2025-04-09,37.89255142211914,0.055854107127494654,0.04013742597376131
2025-04-10,37.09043884277344,-0.021395337108584322,0.039420353941310035
2025-04-11,37.61228942871094,0.013971620234572442,0.035339971475571386
2025-04-14,38.443397521972656,0.021856121761853968,0.03341976554121826
2025-04-15,38.501380920410156,0.001507143449807956,0.028380202834971224
2025-04-16,38.4820556640625,-0.0005020627192289469,0.01647359278016345
2025-04-17,39.090885162353516,0.015697277769342325,0.009616938397133595
2025-04-21,38.279109954833984,-0.020985008367415667,0.016622449650136935
2025-04-22,39.0618896484375,0.020242986978754308,0.01618742338655026
2025-04-23,39.1102180480957,0.0012364616290762784,0.0161949179920547
2025-04-24,39.2261848449707,0.002960740532007348,0.016073931656486986
2025-04-25,39.16819763183594,-0.001479371911055966,0.014678655396360919
2025-04-28,39.409793853759766,0.00614922775819488,0.00852343743927118
2025-04-29,39.72871017456055,0.008059744143538513,0.0038063274482680854
2025-04-30,39.912322998046875,0.004611018754913523,0.003624895160038759
2025-05-01,40.028289794921875,0.002901325725962177,0.003629495166723801
2025-05-02,40.52116012573242,0.012237860904516024,0.0035906739521416914
2025-05-05,40.47283935546875,-0.0011931939725433936,0.005102383675555565
2025-05-06,40.19258499145508,-0.006948590276598791,0.007109851525830699
2025-05-07,40.16359329223633,-0.0007215798734065979,0.007080484394765445
2025-05-08,39.97031021118164,-0.004824011995671537,0.007463970266948675
2025-05-09,40.211910247802734,0.006026292771739938,0.00495167024595305
2025-05-12,40.25056838989258,0.0009608986876584263,0.005080571268446315
2025-05-13,39.709381103515625,-0.013536665637478181,0.0073316862342611405
2025-05-14,39.37113952636719,-0.008554411051010784,0.007705609483412932
2025-05-15,40.09593963623047,0.018242024667050466,0.012494605595976899
2025-05-16,40.59846878051758,0.012455277899449434,0.013480931239284495
2025-05-19,40.68544387817383,0.002140033076780551,0.013470412036954893
2025-05-20,40.47283935546875,-0.0052392682685127685,0.011408120619312515
2025-05-21,39.40013122558594,-0.02686196904218869,0.017616697319144482
2025-05-22,39.26483917236328,-0.0034397060325940788,0.014429281656362768
2025-05-23,39.27450180053711,0.00024605829646345796,0.011679451344427315
2025-05-27,39.921993255615234,0.016351882288787468,0.015463861247898076
2025-05-28,39.921993255615234,0.0,0.015518401091074677
2025-05-29,40.28921890258789,0.009156530685281801,0.00811678017023882
2025-05-30,40.327877044677734,0.0009590557585512833,0.007236779945932745
2025-06-02,40.385860443115234,0.0014367667813884647,0.007044162891797794
2025-06-03,40.240901947021484,-0.003595794944163696,0.004666222194321613
2025-06-04,40.36653137207031,0.0031170705131075343,0.0046083337512755965
2025-06-05,40.35687255859375,-0.00023930639820278672,0.0025062036601005058
2025-06-06,40.47283935546875,0.002869412093568991,0.002757988428349099
2025-06-09,40.45350646972656,-0.0004777896719006005,0.0027660786497330898
2025-06-10,40.81107711791992,0.008800216282182477,0.003744605012110185
2025-06-11,40.588809967041016,-0.005461130506326325,0.005238218460543498
2025-06-12,40.81107711791992,0.005461130506326343,0.005488671456876839
2025-06-13,40.48249816894531,-0.008083805814723267,0.007117873820028003
2025-06-16,40.52116012573242,0.0009545731769848329,0.007120259625881259
2025-06-17,40.35687255859375,-0.004062606066112465,0.005416648792113996
2025-06-18,40.434181213378906,0.001913793044444524,0.0053229849806221705
2025-06-20,40.42451858520508,-0.00023900033623825106,0.004134270991657112
2025-06-23,41.01448059082031,0.014488692937280551,0.007017281465646388
2025-06-24,41.209503173828125,0.004743699825513846,0.006998239654119582
2025-06-25,40.205108642578125,-0.02467482110453014,0.01450993122769908
2025-06-26,39.951576232910156,-0.006325941636428486,0.014598895317632192
2025-06-27,40.09784698486328,0.0036545151449293985,0.014844845890805047
2025-06-30,40.390380859375,0.007269017356601814,0.013139041873809331
2025-07-01,40.66342544555664,0.00673739165315564,0.013461617807581826
2025-07-02,40.74143600463867,0.0019166074746037284,0.005480796814664132
2025-07-03,40.76094055175781,0.00047862524543658793,0.002959692601591045
2025-07-07,40.448890686035156,-0.007685064647370684,0.006041481634983135
2025-07-08,40.390380859375,-0.0014475597258251061,0.005254773078339944
2025-07-09,40.370887756347656,-0.0004827339575023188,0.0037035490896694025
2025-07-10,40.57566452026367,0.005059565725779141,0.004579637228848645
2025-07-11,40.536659240722656,-0.0009617597114477955,0.004522836229378026
2025-07-14,40.80970001220703,0.006713067416397602,0.0038126428863947998
2025-07-15,40.283119201660156,-0.012987295722518331,0.007731075621790633
2025-07-16,40.72193145751953,0.01083430093978752,0.00925539863693717
2025-07-17,40.68292999267578,-0.0009582097956585181,0.009104481314528687
2025-07-18,40.79994583129883,0.0028721597729908454,0.009109089899595624
2025-07-21,40.955970764160156,0.003816852131993592,0.008763954785888088
2025-07-22,41.667823791503906,0.01723161336769443,0.007238832709207108
2025-07-23,41.78483581542969,0.0028042749304424937,0.006995423829189925
2025-07-24,41.72633361816406,-0.0014010630489858225,0.007094253856532462
2025-07-25,41.72633361816406,0.0,0.007424759786662298
2025-07-28,41.00472640991211,-0.0174450927753194,0.012357220602486734
2025-07-29,41.68732452392578,0.016509775995047087,0.012110812480318296
2025-07-30,41.10224151611328,-0.014134456225875966,0.013457266696320157
2025-07-31,40.380638122558594,-0.017712242424088073,0.014794240794168459
2025-08-01,40.26362228393555,-0.0029020272529378787,0.014527232458135975
2025-08-04,40.604915618896484,0.0084407451928742,0.014547732352139901
2025-08-05,40.74143600463867,0.0033565245690867066,0.011170124389008246
2025-08-06,40.40013885498047,-0.008412436239256544,0.01019872688011547
2025-08-07,40.55615997314453,0.003854457616951215,0.006572627978338095
2025-08-08,40.224613189697266,-0.008208602917036026,0.007670260953506739
2025-08-11,39.990577697753906,-0.005835207855834939,0.006161156077193673
2025-08-12,40.058841705322266,0.001705547013959953,0.005763441438642926
2025-08-13,40.32212829589844,0.006550991662851492,0.006351473925646921
2025-08-14,40.039337158203125,-0.007038007666995302,0.0064009996616643345
2025-08-15,40.3026237487793,0.006554172442576301,0.00655007602235941
2025-08-18,39.92231750488281,-0.009481068774397423,0.007543574640073777
2025-08-19,40.63417053222656,0.01767384786546871,0.011146665771766989
2025-08-20,40.79019546508789,0.003832393950260683,0.010986275978163297
2025-08-21,40.64392852783203,-0.003592280173851178,0.010342654818752642
2025-08-22,41.28751754760742,0.015710750597370097,0.011833130018038584
2025-08-25,41.082740783691406,-0.004972114691329225,0.010574875391666145
2025-08-26,40.96571731567383,-0.002852547143000605,0.00857425391411032
2025-08-27,41.14124298095703,0.004275543316596941,0.008605007599096572
2025-08-28,41.03398132324219,-0.002610561018579337,0.008463706957366332
2025-08-29,41.258262634277344,0.005450862816899679,0.004678826519836767
2025-09-02,40.55615997314453,-0.017163719424959662,0.009003517644524202
2025-09-03,40.448890686035156,-0.002648460779628942,0.009002436184036641
2025-09-04,40.72193145751953,0.006727584964670643,0.009518479830226391
2025-09-05,41.13149642944336,0.010007360731465166,0.010904131790814793
2025-09-08,40.858455657958984,-0.006660371762282325,0.010867516207735092
2025-09-09,40.83895492553711,-0.00047738925023321923,0.006843856962580242
2025-09-10,40.8194465637207,-0.0004778041654443757,0.006587711996361831
2025-09-11,41.4825439453125,0.016114111602996663,0.009166990931530518
2025-09-12,41.297271728515625,-0.004476272981456682,0.008962179215401895
2025-09-15,41.24850845336914,-0.0011814845219573654,0.008116330831762178
2025-09-16,41.00472640991211,-0.005927615069930037,0.008848452136065124
2025-09-17,40.98522186279297,-0.0004757789923759523,0.008848378485463753
2025-09-18,41.01448059082031,0.0007136301326362884,0.0028085552771104313
2025-09-19,40.80970001220703,-0.005005390940687156,0.0029202390966656475
2025-09-22,40.94430923461914,0.0032930334620857246,0.003899101871457922
2025-09-23,41.2685661315918,0.007888267547565832,0.0047600194274685275
2025-09-24,40.84605407714844,-0.010290878338309233,0.007110210922848083
2025-09-25,40.747798919677734,-0.002408397234718158,0.0070942664784259075
2025-09-26,41.150657653808594,0.009838084874908783,0.008180991006369131
2025-09-29,41.2292594909668,0.0019082772533649032,0.008135369197083204
2025-09-30,41.39630126953125,0.004043349409138823,0.007526129580503006
2025-10-01,41.39630126953125,0.0,0.004657428831251792
2025-10-02,41.18013381958008,-0.005235584304513685,0.005520677793668747
2025-10-03,41.34717559814453,0.004048163156199655,0.003848689180509661
2025-10-06,40.934486389160156,-0.010031218611630532,0.006133433600030152
2025-10-07,40.8067512512207,-0.0031253561996754916,0.0053160634434733746
2025-10-08,40.600406646728516,-0.005069457078003571,0.005111632064589845
2025-10-09,40.41371536254883,-0.0046088659611064715,0.005077735311321787
2025-10-10,39.971553802490234,-0.011001170340126563,0.003513690561781495
2025-10-13,40.197547912597656,0.005637950379938727,0.00598986393681059
2025-10-14,40.580753326416016,0.00948790164250482,0.008420287479744491
2025-10-15,41.17030715942383,0.014423398304382223,0.010407307979023958
2025-10-16,41.04256820678711,-0.0031075194697225772,0.010159249787790123
2025-10-17,41.30786895751953,0.006443236434532759,0.006417338602624826
2025-10-20,41.740203857421875,0.010411772142239983,0.006595354231783791
2025-10-21,41.61246871948242,-0.00306493442822781,0.00792059718084969
2025-10-22,41.79916000366211,0.004476392531405132,0.005980178701092113
2025-10-23,41.75986099243164,-0.000940628879074487,0.005481789389092533
2025-10-24,41.907249450683594,0.0035232150347477547,0.005235198895918758
2025-10-27,41.99568176269531,0.0021079679453099675,0.003151442458791167
2025-10-28,41.062225341796875,-0.022478190385392196,0.011265108152770407
2025-10-29,39.94207763671875,-0.02765826185709371,0.014789556417516482
2025-10-30,40.16807174682617,0.005642099318435816,0.01594419294051127
2025-10-31,40.18772506713867,0.0004891575090687649,0.015457110391941413
2025-11-03,40.11894226074219,-0.0017130040507158822,0.014893158514448751
2025-11-04,40.22702407836914,0.002690412169914784,0.013442168004355064
2025-11-05,40.217201232910156,-0.0002442150563274554,0.002867087670607902
2025-11-06,40.02068328857422,-0.004898392784144587,0.002817943007886617
2025-11-07,40.55127716064453,0.013170873324928686,0.006918779988435352
2025-11-10,40.52180099487305,-0.0007271505594922237,0.006806738202793416
2025-11-11,40.973793029785156,0.011092542484205725,0.00795980083176881
2025-11-12,40.6495361328125,-0.007945243255206836,0.009503944302338554
2025-11-13,40.11894226074219,-0.01313882632387809,0.011528206123173486
2025-11-14,40.23685073852539,0.0029346624058739115,0.009431635051943565
2025-11-17,39.971553802490234,-0.006615214578213022,0.009666802772527513
2025-11-18,40.11894226074219,0.0036805521723391834,0.007293281517874278
2025-11-19,39.80451202392578,-0.007868325057796664,0.007283525694936935
2025-11-20,39.66695022583008,-0.003461920331904058,0.005341823451008976
2025-11-21,40.18772506713867,0.013043249440416418,0.00867511996957812
2025-11-24,40.24667739868164,0.0014658489475069504,0.007910541655537198
2025-11-25,40.57093048095703,0.008024360796581071,0.00844775809059308
2025-11-26,40.747798919677734,0.004350011834301166,0.006282100033482611
2025-11-28,40.94430923461914,0.004811008025461632,0.004410947633379222
2025-12-01,40.37441635131836,-0.014016506269039834,0.008671415634459804
2025-12-02,40.27615737915039,-0.002436660180807358,0.00878566020102146
2025-12-03,40.354759216308594,0.0019496705575382102,0.007787184460022233
2025-12-04,40.285980224609375,-0.0017058129390630672,0.0071810918365772265
2025-12-05,40.27615737915039,-0.00024385761847519068,0.006225530161873452
2025-12-08,40.03050994873047,-0.006117753475398742,0.00297905611839905
2025-12-09,39.7946891784668,-0.005908446427407077,0.0035419355427131313
2025-12-10,39.87329864501953,0.001973427325374304,0.0035492463375818907
2025-12-11,40.08946228027344,0.005406620764935261,0.005018456893476984
2025-12-12,40.04033279418945,-0.0012262477944589001,0.005001731662642402
2025-12-15,40.197547912597656,0.003918730609835089,0.004511870898732816
2025-12-16,39.84381866455078,-0.008838718428604104,0.0056525344219354925
2025-12-17,40.02068328857422,0.004429124550447233,0.00593947120366714
2025-12-18,39.7750358581543,-0.006156926938971083,0.005918358628678561
2025-12-19,39.627647399902344,-0.0037124344287114024,0.005985808323726934
2025-12-22,39.921669006347656,0.007392218025876744,0.0069747663741799165
2025-12-23,39.911739349365234,-0.0002487594413953183,0.0055998580054939864
2025-12-24,40.17000198364258,0.006449997848234711,0.006025474727202848
2025-12-26,40.24946975708008,0.0019763322882730507,0.004633517275856581
2025-12-29,40.358734130859375,0.002711000504397163,0.003190893407492829
2025-12-30,40.44813537597656,0.0022127148877145327,0.0024231763398937286
2025-12-31,40.08060073852539,-0.009128100282323295,0.005863259394241918
2026-01-02,40.11040496826172,0.000743331021876422,0.004989624143184535
2026-01-05,40.16006851196289,0.001237405184868026,0.004915857900189729
2026-01-06,40.42826843261719,0.006656072603074651,0.005788192233344546
2026-01-07,39.872005462646484,-0.01385479379070944,0.008374104554643077
2026-01-08,40.17000198364258,0.007446037582828657,0.00855559697048663
2026-01-09,40.2296028137207,0.0014826152726984637,0.008568406958183736
2026-01-12,40.34880065917969,0.0029585578087208395,0.008635058118005027
2026-01-13,40.65673065185547,0.007602727145275898,0.008800575115373407
2026-01-14,41.1136589050293,0.011176001768279471,0.0039057391608849964
2026-01-15,41.421592712402344,0.00746190821865629,0.00390707904293857
2026-01-16,41.928184509277344,0.012155954146122746,0.003635077858224624
2026-01-20,41.12359619140625,-0.019376188772593606,0.013126626757201318
2026-01-21,41.27259063720703,0.003616541345700944,0.0129582101315501
2026-01-22,40.86532974243164,-0.009916594682494152,0.01306676523851191
2026-01-23,40.97459411621094,0.0026701989334427904,0.012431886521250572
2026-01-26,40.94479751586914,-0.0007274614975084884,0.009770596533871106
2026-01-27,40.97459411621094,0.0007274614975085227,0.005407666215869029
2026-01-28,40.57726287841797,-0.00974433682772228,0.005994629146468584
2026-01-29,41.09379196166992,0.012649180823630564,0.00801445596708005
2026-01-30,41.15339279174805,0.0014493101664073487,0.007973723164970243
2026-02-02,40.68653106689453,-0.01140926743737699,0.00974355073835784
2026-02-03,40.537532806396484,-0.003668824742880207,0.009717065719759364
2026-02-04,41.18319320678711,0.01580196033628793,0.011308132231468686
2026-02-05,40.95472717285156,-0.005562999941404362,0.01029663657591658
2026-02-06,41.70965576171875,0.018265413726172068,0.013433660209588411
2026-02-09,41.967918395996094,0.006172823649372501,0.010880423298785611
2026-02-10,42.553977966308594,0.013867861180801798,0.009661405607188853
2026-02-11,42.514244079589844,-0.0009341652770605596,0.00991847580551884
2026-02-12,42.583778381347656,0.0016342169940544086,0.008113168959224856
2026-02-13,43.209571838378906,0.014588649453353024,0.007020688095244243
2026-02-17,43.64663314819336,0.010064105354353585,0.00711202604891482
2026-02-18,43.06057357788086,-0.01351833411284841,0.010867297837297132
2026-02-19,42.91157531738281,-0.0034662018244657803,0.011115736866174281
2026-02-20,43.26917266845703,0.008298823385831053,0.011475582813496756
2026-02-23,43.31884002685547,0.001147211081525665,0.009551923323559974
2026-02-24,43.43803787231445,0.002747860996108478,0.008183934994141285
2026-02-25,43.14997100830078,-0.0066537602729119134,0.0057698384692433735
2026-02-26,43.338706970214844,0.004364415456775896,0.005509943880212159
2026-02-27,43.54730224609375,0.0048015941468422755,0.004664548054025964
2026-03-02,43.626766204833984,0.0018231105227055706,0.0046694759585801954
2026-03-03,43.40823745727539,-0.005021639514700262,0.005357759649298736
2026-03-04,43.46783447265625,0.0013720009067087527,0.0039291478949116665
2026-03-05,43.05064010620117,-0.009644127501250259,0.005864985238593701
2026-03-06,42.60364532470703,-0.010437279047655783,0.005839037828987952
2026-03-09,42.69304275512695,0.00209615320748569,0.005912389267870533
2026-03-10,42.63344192504883,-0.0013970068026297228,0.0060270219508397095
2026-03-11,42.12685012817383,-0.011953659356982251,0.006220801340715412
2026-03-12,41.85865020751953,-0.006386836567633101,0.005943106450197856
2026-03-13,41.967918395996094,0.0026070075915917046,0.006156649672920252
2026-03-16,42.29571533203125,0.007780309846163868,0.0076726429323016355
2026-03-17,42.43478012084961,0.003282523321577617,0.008022208528071648
2026-03-18,41.73945236206055,-0.01652153051239932,0.009679711350807151
2026-03-19,41.64011764526367,-0.0023827123067287725,0.009371008012291075
2026-03-20,40.319000244140625,-0.032241241113821324,0.016341055039028482
2026-03-23,40.619998931884766,0.007437701933462346,0.016258766700928563
