Date,XLV Closing Price,XLV Log Return,XLV Volatility
2024-01-16,134.5666961669922,-0.005995960637839954,0.0038337237681788172
2024-01-17,134.29696655273438,-0.002006442239307001,0.0038253375775123962
2024-01-18,134.27767944335938,-0.00014362568988317265,0.002288828891628113
2024-01-19,134.35479736328125,0.0005741518892809609,0.0025630556223003474
2024-01-22,134.94244384765625,0.004364303284215905,0.0037854019239242595
2024-01-23,134.84608459472656,-0.0007143317589035368,0.00240172651323607
2024-01-24,133.61297607421875,-0.009186631210654437,0.00497713182753052
2024-01-25,133.41062927246094,-0.0015155726792542856,0.004954420037403484
2024-01-26,134.17173767089844,0.005688793770209487,0.005878757270140299
2024-01-29,135.1158447265625,0.00701191577788484,0.00648846939431511
2024-01-30,135.4241485595703,0.002279174792041206,0.0065145110850435735
2024-01-31,135.24111938476562,-0.0013524395212793372,0.003921432742901757
2024-02-01,136.9944610595703,0.012881239958961293,0.005337071691900006
2024-02-02,136.79212951660156,-0.0014780240286907274,0.006113101249187005
2024-02-05,137.21603393554688,0.0030941031229953387,0.00585507924965026
2024-02-06,138.70928955078125,0.010823727047796772,0.006741062817429031
2024-02-07,139.08502197265625,0.0027051140747799936,0.006022083330705415
2024-02-08,138.8441619873047,-0.0017332476008313099,0.005080804397476421
2024-02-09,138.73818969726562,-0.0007635377000327517,0.004942713001415253
2024-02-12,138.92123413085938,0.0013184818839356172,0.004982195414234503
2024-02-13,137.63031005859375,-0.00933593375810494,0.004679913250203982
2024-02-14,138.8249053955078,0.00864228783108552,0.006451230323845524
2024-02-15,139.83645629882812,0.0072601048120141285,0.0071891659449511225
2024-02-16,140.2892608642578,0.003232869615736573,0.007106803410345973
2024-02-20,139.8172149658203,-0.003370477914967354,0.007551547247572893
2024-02-21,140.12548828125,0.00220240382380215,0.004730127922080803
2024-02-22,141.7729034423828,0.01168813987071479,0.005649652947279892
2024-02-23,142.44728088378906,0.004745466677924776,0.005416549679154295
2024-02-26,141.715087890625,-0.005153353814783968,0.006735142830094249
2024-02-27,141.36825561523438,-0.0024503910730955445,0.0065612869514842095
2024-02-28,140.6649932861328,-0.004987098431969123,0.007307724072920743
2024-02-29,139.51852416992188,-0.00818374703281147,0.004887208586042663
2024-03-01,140.98289489746094,0.010441188041026311,0.007281292901331284
2024-03-04,140.7709503173828,-0.0015044665665033322,0.007074506373409807
2024-03-05,139.7208709716797,-0.007487450055836284,0.0076110042428714185
2024-03-06,140.67465209960938,0.006803138624395676,0.008375547794240669
2024-03-07,141.32972717285156,0.004645858714631809,0.00710523339951369
2024-03-08,141.06961059570312,-0.0018421902315081877,0.00569012462769369
2024-03-11,140.99256896972656,-0.0005462740734055505,0.005637503190215005
2024-03-12,141.64764404296875,0.0046354072495612825,0.0037259234717681314
2024-03-13,141.09854125976562,-0.0038840734344829896,0.0038742296368524725
2024-03-14,140.59756469726562,-0.0035568620230910387,0.0034467688794188496
2024-03-15,140.03880310058594,-0.003982109228607921,0.003695356949250963
2024-03-18,140.02235412597656,-0.00011746701892675278,0.0037269019696574
2024-03-19,140.95054626464844,0.006607010952860702,0.004538529335081978
2024-03-20,140.6314697265625,-0.002266314299457547,0.004333364905045441
2024-03-21,140.81520080566406,0.0013056193193101903,0.004058507351715462
2024-03-22,140.621826171875,-0.0013741949046058074,0.0034979778488724135
2024-03-25,140.42845153808594,-0.0013760859151567381,0.0036262251792468373
2024-03-26,140.9408721923828,0.0036423389302785727,0.0024437950544014216
2024-03-27,142.8166046142578,0.013220865682288165,0.006041487685595229
2024-03-28,142.8359375,0.00013535945193135284,0.00614929982702604
2024-04-01,141.61770629882812,-0.008565463483428584,0.007958905866798129
2024-04-02,139.41322326660156,-0.015688865657342715,0.011147361676480201
2024-04-03,139.25852966308594,-0.0011102210236869252,0.010801734798002277
2024-04-04,137.24742126464844,-0.01454683963130881,0.007347492913896363
2024-04-05,138.47535705566406,0.008907090787388239,0.010240041005473734
2024-04-08,138.03060913085938,-0.0032169165423795725,0.010210594193066745
2024-04-09,138.5237274169922,0.003566162186363393,0.008761444100973546
2024-04-10,136.8993377685547,-0.01179573309886246,0.009934338169976338
2024-04-11,136.3385772705078,-0.0041045642238077005,0.007898744435301124
2024-04-12,134.30816650390625,-0.01500442111949385,0.007373230315372161
2024-04-15,134.0374298095703,-0.0020178217188309964,0.007509146949031921
2024-04-16,134.08575439453125,0.0003604655496512292,0.006581474364468084
2024-04-17,133.85369873046875,-0.001732150449488571,0.006081643642286298
2024-04-18,133.84402465820312,-7.22760892201025e-05,0.006405849383306544
2024-04-19,134.34683227539062,0.0037496297379233977,0.002304900263741767
2024-04-22,134.85926818847656,0.0038070202058162698,0.0024604693247882573
2024-04-23,136.6189727783203,0.012964053613660998,0.005691343778966937
2024-04-24,136.19351196289062,-0.003119073973188577,0.006047568930762735
2024-04-25,135.28468322753906,-0.00669543371507825,0.007554017825013174
2024-04-26,135.3233642578125,0.0002858823371759878,0.007528423818699732
2024-04-29,135.77777099609375,0.003352307347633568,0.007495484699170687
2024-04-30,135.6811065673828,-0.0007121847232575232,0.003771407610686831
2024-05-01,135.92279052734375,0.0017796800880682058,0.0038415873751056133
2024-05-02,135.82614135742188,-0.0007113122640567251,0.0017542180527661479
2024-05-03,136.16453552246094,0.002488278962493155,0.0018661417386391245
2024-05-06,136.71563720703125,0.0040391533640229665,0.002074240418567688
2024-05-07,137.84690856933594,0.008240583295067026,0.0033139298182786395
2024-05-08,137.3731231689453,-0.003442960640751724,0.004478926806596848
2024-05-09,138.55271911621094,0.008550146109435228,0.0049083540501620926
2024-05-10,138.83311462402344,0.0020217009609765886,0.0049479615535812545
2024-05-13,138.69776916503906,-0.0009753542947453116,0.0053959862046468725
2024-05-14,139.28753662109375,0.004243161984804638,0.004647142701376766
2024-05-15,141.3566131591797,0.014745463458171414,0.006126885603212041
2024-05-16,141.1922607421875,-0.0011633557993632946,0.0065306493415312385
2024-05-17,141.46298217773438,0.0019155598568180946,0.00653793902097143
2024-05-20,141.1632537841797,-0.00212102393750743,0.0067613444564479765
2024-05-21,141.4049835205078,0.0017109481065721794,0.006788785979011731
2024-05-22,141.6563720703125,0.001776212901777489,0.001917440396277133
2024-05-23,140.109375,-0.01098084228453281,0.0055446802711448095
2024-05-24,139.63560485839844,-0.00338716065467479,0.00521591481923045
2024-05-28,137.94358825683594,-0.012191386101688021,0.00671376168919959
2024-05-29,136.87034606933594,-0.007810722163225703,0.005752641161536851
2024-05-30,136.9380645751953,0.0004946415420965752,0.005301514209650714
2024-05-31,138.93943786621094,0.014509399167267177,0.010220262436880784
2024-06-03,139.91600036621094,0.007004105772483909,0.010824246741094515
2024-06-04,140.32208251953125,0.0028981245758362313,0.008227693791245707
2024-06-05,140.96017456054688,0.00453703082600512,0.005371847953283426
2024-06-06,141.42433166503906,0.0032874149415067933,0.004783777892694657
2024-06-07,141.57901000976562,0.001093120379522295,0.002191251559143081
2024-06-10,142.10113525390625,0.0036810883133150158,0.0012753590676853382
2024-06-11,141.5113067626953,-0.0041594038497346384,0.003506904591650232
2024-06-12,141.2115936279297,-0.002120190806081037,0.003417350739809586
2024-06-13,141.09555053710938,-0.0008221052832313575,0.003005560961385151
2024-06-14,141.04725646972656,-0.0003423377570160669,0.002885626242038862
2024-06-17,140.90219116210938,-0.0010290165250269006,0.0015239133110224782
2024-06-18,141.08590698242188,0.0013030042580831514,0.0012482145641150267
2024-06-20,141.5500030517578,0.003284058889670098,0.0018158278078308477
2024-06-21,141.94644165039062,0.002796781860603785,0.0018875190638150683
2024-06-24,142.77439880371094,0.005815938768743751,0.0025280108451572526
2024-06-25,142.32789611816406,-0.0031322304909359162,0.003304154106552007
2024-06-26,141.8231658935547,-0.003552552307003569,0.004166253986095886
2024-06-27,141.59017944335938,-0.0016441463079499678,0.004085515201174519
2024-06-28,141.4737091064453,-0.0008229261887389053,0.003788515417833402
2024-07-01,140.6777801513672,-0.005641870389688517,0.0018622404453966003
2024-07-02,140.163330078125,-0.0036636420376331288,0.0018895806897383488
2024-07-03,139.09561157226562,-0.00764683631877931,0.002814459116474851
2024-07-05,140.17303466796875,0.007716071645108971,0.0059938413213043015
2024-07-08,140.01771545410156,-0.00110866778941609,0.005981020170146279
2024-07-09,140.69720458984375,0.004841142485158946,0.006246921893496908
2024-07-10,142.02699279785156,0.009407033615184364,0.007004922767058367
2024-07-11,143.02676391601562,0.007014643337332632,0.004078945935045614
2024-07-12,143.91978454589844,0.006224319600959197,0.003935121116998916
2024-07-15,143.41502380371094,-0.003513401417090705,0.0049313357230058264
2024-07-16,145.46311950683594,0.014179889118377522,0.006478977167817622
2024-07-17,146.1231689453125,0.00452730866991883,0.00632796934202287
2024-07-18,142.80352783203125,-0.022980134665205817,0.014144349861041825
2024-07-19,143.53152465820312,0.005084940795533956,0.014021353992713705
2024-07-22,144.3565673828125,0.005731706215996771,0.014140344930451574
2024-07-23,144.26922607421875,-0.0006052218009600824,0.012186820218106431
2024-07-24,145.4728240966797,0.008308113681907066,0.012769175107675208
2024-07-25,144.74481201171875,-0.005017018412502444,0.005403864064477119
2024-07-26,145.56021118164062,0.005617548778435799,0.005467491754953692
2024-07-29,145.64756774902344,0.0005999604153702983,0.005258903933883496
2024-07-30,145.7737274169922,0.0008658233145123573,0.005131664767643919
2024-07-31,145.23989868164062,-0.0036687583415008157,0.004206636209540969
2024-08-01,146.72500610351562,0.010173279089509902,0.005307916275911933
2024-08-02,146.4337921142578,-0.001986732697882043,0.005358439098209567
2024-08-05,142.5220184326172,-0.027076892255794644,0.01379030963297759
2024-08-06,143.18209838867188,0.004620732370640864,0.014239511289620243
2024-08-07,141.72607421875,-0.010221095678477,0.014547025519311063
2024-08-08,144.86131286621094,0.021880681945105722,0.01809011348680179
2024-08-09,145.57962036132812,0.004946334193716434,0.018407644219283387
2024-08-12,145.0263214111328,-0.0038079030001645277,0.01207135022453357
2024-08-13,146.78321838378906,0.012041540539222276,0.012686600773085756
2024-08-14,147.307373046875,0.0035645833859527074,0.009708936028514603
2024-08-15,148.22952270507812,0.006240524713838829,0.005699839256722142
2024-08-16,148.3848114013672,0.0010470748889776144,0.005903217004627276
2024-08-19,149.28750610351562,0.006065041430981141,0.004086813605060135
2024-08-20,149.8893585205078,0.0040233941861261184,0.0021223392789376577
2024-08-21,150.14170837402344,0.0016821585553314974,0.002408300763706207
2024-08-22,150.23878479003906,0.0006463563487278889,0.002294571422151227
2024-08-23,150.88909912109375,0.0043191971039071506,0.002171151677568512
2024-08-26,150.8114776611328,-0.0005145595842173539,0.002105010813046171
2024-08-27,151.04441833496094,0.0015433902279708945,0.0017863273147708826
2024-08-28,151.21914672851562,0.0011561328139596406,0.0017910004034006962
2024-08-29,151.5394744873047,0.0021160611514922135,0.001750357248366123
2024-08-30,152.5877685546875,0.006893813316727812,0.0027803311695815116
2024-09-03,152.2965545654297,-0.0019103250363232977,0.0031688345963854885
2024-09-04,152.0345001220703,-0.0017221673837823637,0.0035852774954611786
2024-09-05,149.94757080078125,-0.01382176457645233,0.007671330325224047
2024-09-06,149.43312072753906,-0.0034367652568278767,0.007379160252396285
2024-09-09,150.4814453125,0.006990849882846456,0.007411085571256279
2024-09-10,151.17062377929688,0.004569368066936736,0.008132600999059072
2024-09-11,150.72409057617188,-0.0029582070008227304,0.008160385451586325
2024-09-12,151.2677001953125,0.0036001654541941842,0.004687967456441933
2024-09-13,151.5782928466797,0.002051159780207918,0.0037094145274449105
2024-09-16,152.62660217285156,0.0068921538939403885,0.0036820367469386616
2024-09-17,151.0541229248047,-0.01035622726294832,0.006718515283465825
2024-09-18,150.8017578125,-0.0016720904723601779,0.006608034587846275
2024-09-19,151.3453369140625,0.003598112955575201,0.006607763087930449
2024-09-20,150.72409057617188,-0.004113274348608888,0.006727314885865574
2024-09-23,150.4289093017578,-0.0019603415477448456,0.005041913042699929
2024-09-24,150.1268768310547,-0.00200982703582979,0.002870579542376927
2024-09-25,148.6654510498047,-0.009782295587386329,0.004814770646611749
2024-09-26,149.16232299804688,0.0033366425331629018,0.004727814872680494
2024-09-27,149.0843963623047,-0.0005225649266662436,0.00477106508095226
2024-09-30,150.05868530273438,0.006513888805238665,0.006171614524776755
2024-10-01,149.26951599121094,-0.005272948800785921,0.006534025525557329
2024-10-02,148.96746826171875,-0.0020255558412437223,0.0046076058688453905
2024-10-03,147.6230010986328,-0.009066214266101285,0.005815613966347541
2024-10-04,147.73988342285156,0.0007914490035488708,0.005931816086835651
2024-10-07,147.0871124267578,-0.004428170228290811,0.003685331337163763
2024-10-08,147.88601684570312,0.005416807790976755,0.005443677921479758
2024-10-09,149.3961639404297,0.010159775339530334,0.007637777747118662
2024-10-10,148.8408203125,-0.003724181098352644,0.006188052345397634
2024-10-11,149.93202209472656,0.007304590506767609,0.006633446674958899
2024-10-14,150.76014709472656,0.00550813874521023,0.005207092785393582
2024-10-15,148.9187774658203,-0.012289104450740874,0.009248285475917405
2024-10-16,149.3376922607422,0.0028090929311768596,0.008007006343590676
2024-10-17,148.4705810546875,-0.0058233013258648745,0.008295781506432632
2024-10-18,149.19155883789062,0.004844278774567021,0.007773806757408519
2024-10-21,147.43785095214844,-0.011824372505340196,0.008012438921635024
2024-10-22,147.2235107421875,-0.0014548242533934507,0.006726527299785491
2024-10-23,146.53176879882812,-0.0047096564395998014,0.006114224718212867
2024-10-24,145.56724548339844,-0.006604108701821423,0.006188544943776956
2024-10-25,144.768310546875,-0.005503541929364872,0.0037701617834670683
2024-10-28,144.98268127441406,0.0014796896142097449,0.00331635585164386
2024-10-29,144.58322143554688,-0.0027590271404685537,0.0031775813236920455
2024-10-30,144.3104248046875,-0.0018885615207590114,0.0031860288233719813
2024-10-31,143.0925750732422,-0.00847490820344577,0.0037643711798825952
2024-11-01,143.94020080566406,0.005906142208102359,0.005326656934969733
2024-11-04,142.99514770507812,-0.006587243591861801,0.0055490853623906215
2024-11-05,144.04737854003906,0.00733156554884802,0.007152964401841138
2024-11-06,144.23248291015625,0.0012841992820797603,0.007166606785841841
2024-11-07,145.2749481201172,0.007201678463290847,0.005910112488704517
2024-11-08,146.3174285888672,0.007150289195179328,0.00608521824363223
2024-11-11,145.46005249023438,-0.0058769344581180195,0.00579894629679154
2024-11-12,143.43357849121094,-0.014029435196850907,0.00911532309332241
2024-11-13,143.05360412597656,-0.0026526463388108386,0.009054275550177448
2024-11-14,140.80303955078125,-0.01585738283794956,0.009293401514643378
2024-11-15,138.19192504882812,-0.01871855104159713,0.00684397887429399
2024-11-18,138.2893524169922,0.0007047665078064009,0.008588842019146073
2024-11-19,137.57814025878906,-0.005156198195133826,0.008492874562411129
2024-11-20,139.2052001953125,0.011757056446860072,0.012434008239689154
2024-11-21,140.3256072998047,0.008016383700463347,0.012017182618867934
2024-11-22,140.45228576660156,0.0009023393829813996,0.006665999237958053
2024-11-25,141.65065002441406,0.008495987202573453,0.006832343525931649
2024-11-26,142.4105682373047,0.005350396160177873,0.004054552741794859
2024-11-27,143.1704864501953,0.005321921703166346,0.003017937299476624
2024-11-29,143.61868286132812,0.0031256185656960934,0.002832921303337731
2024-12-02,143.3653564453125,-0.0017654395165981576,0.003799142150692429
2024-12-03,143.04385375976562,-0.0022450592308507593,0.003732203151835741
2024-12-04,142.96591186523438,-0.0005450296166661976,0.003298367612143763
2024-12-05,141.3680877685547,-0.011239182921224581,0.005301925758793282
2024-12-06,140.5691680908203,-0.0056673731442906375,0.004323432155137128
2024-12-09,140.9783935546875,0.002906974222439588,0.005381625917802723
2024-12-10,140.39381408691406,-0.004155210024289567,0.005350584387367716
2024-12-11,138.48422241210938,-0.013695029874869502,0.006496657502908721
2024-12-12,137.38327026367188,-0.007981788523138144,0.006033092052341402
2024-12-13,137.36380004882812,-0.00014173191986501348,0.006530387131251399
2024-12-16,135.7270050048828,-0.011987328856852181,0.005568569027855102
2024-12-17,135.6295928955078,-0.0007179638476687688,0.006267281249486929
2024-12-18,133.7882080078125,-0.013669576059568925,0.006260393343185675
2024-12-19,132.77493286132812,-0.007602551678243627,0.006246286961701939
2024-12-20,134.45071411132812,0.012542233402297931,0.010656943709467567
2024-12-23,135.79345703125,0.009937338992074461,0.011193547029694509
2024-12-24,136.351318359375,0.004099745135269577,0.011312482973541807
2024-12-26,136.6253662109375,0.002007848722036806,0.00785216011501154
2024-12-27,135.98919677734375,-0.004667179782352902,0.006786882719778825
2024-12-30,134.3156280517578,-0.01238298363167624,0.008580629725633478
2024-12-31,134.6386260986328,0.0024018820834615985,0.006839966857514486
2025-01-02,134.67774963378906,0.000290539595485427,0.006214937379942286
2025-01-03,135.99900817871094,0.009762707738411498,0.008247149453630809
2025-01-06,136.05770874023438,0.00043153180042121273,0.007978685328423881
2025-01-07,136.73301696777344,0.004951118519912996,0.003944186553776016
2025-01-08,137.43765258789062,0.0051401353229317106,0.003931953536658853
2025-01-10,136.6645050048828,-0.005641324681419095,0.005817333078687199
2025-01-13,138.4457244873047,0.012949313996184998,0.006838178767830588
2025-01-14,137.01683044433594,-0.010374599622552088,0.009330153225410963
2025-01-15,137.57469177246094,0.004063214269194142,0.009253923248923672
2025-01-16,138.1227569580078,0.003975850411579266,0.009144856896851756
2025-01-17,137.1929931640625,-0.006754189167241246,0.009357803314348751
2025-01-21,139.4635772705078,0.016414828580284795,0.010539018592175937
2025-01-22,139.15036010742188,-0.0022483964584389306,0.008727678248328041
2025-01-23,141.0098876953125,0.013274937541439316,0.009880527437536275
2025-01-24,141.2349853515625,0.0015950525622971195,0.00999486784121849
2025-01-27,144.40594482421875,0.022203328773631285,0.010261035955225739
2025-01-28,143.3979034423828,-0.007005087041452935,0.01194878499097554
2025-01-29,142.55624389648438,-0.005886691864705707,0.012634585257617837
2025-01-30,144.200439453125,0.011467656523413125,0.012355586188774494
2025-01-31,143.7404327392578,-0.0031951497660936174,0.012811991579066224
2025-02-03,144.2982940673828,0.003873520979834101,0.0077513458437079175
2025-02-04,143.9068145751953,-0.0027166744878440686,0.007004349798405004
2025-02-05,145.2867889404297,0.009543674705432726,0.006767332970781313
2025-02-06,143.985107421875,-0.008999770256383157,0.007145355363154033
2025-02-07,143.309814453125,-0.004701052200997934,0.007327373452870389
2025-02-10,143.18258666992188,-0.0008881756798301914,0.006897407797817999
2025-02-11,142.9183349609375,-0.001847262725488513,0.006871629540644886
2025-02-12,142.71282958984375,-0.0014389564729522977,0.0033713094210966145
2025-02-13,143.27066040039062,0.003901144908970089,0.0031081312040869076
2025-02-14,141.71453857421875,-0.01092082885414065,0.005378052288407992
2025-02-18,141.44052124023438,-0.0019354584000934641,0.00533249994139704
2025-02-19,143.28045654296875,0.012924659994752105,0.00874737271153552
2025-02-20,144.08299255371094,0.005585526619554056,0.008919285328457205
2025-02-21,143.309814453125,-0.005380649390770895,0.009356707492954908
2025-02-24,144.47445678710938,0.008093900942219684,0.0074506431007151834
2025-02-25,145.71737670898438,0.008566247419222251,0.006866641925343353
2025-02-26,144.6702117919922,-0.007212219100092105,0.007622697890420575
2025-02-27,144.08299255371094,-0.004067279870578833,0.007687686340335899
2025-02-28,145.75656127929688,0.011548370834955041,0.008418687857739136
2025-03-03,146.3927001953125,0.004354896659163716,0.008054100733178382
2025-03-04,145.03233337402344,-0.009336031881542448,0.008712193607940443
2025-03-05,146.49057006835938,0.010004351902700204,0.009011794573652357
2025-03-06,146.08932495117188,-0.0027428088912804334,0.008787128642333374
2025-03-07,146.09909057617188,6.684471036276157e-05,0.007291077135246072
2025-03-10,144.5233917236328,-0.010843719178793553,0.008356595521087825
2025-03-11,142.9477081298828,-0.010962488921416597,0.008709986771246634
2025-03-12,141.51881408691406,-0.010046215980572431,0.005190722833774501
2025-03-13,140.7652130126953,-0.0053393234628928195,0.004784088881102276
2025-03-14,141.84178161621094,0.007618875906309133,0.007910966474618203
2025-03-17,143.64259338378906,0.012616001508354803,0.010716198429811835
2025-03-18,143.71107482910156,0.00047663526994354483,0.00923579419557052
2025-03-19,143.7893829345703,0.0005447511841504626,0.006992375773518631
2025-03-20,143.87745666503906,0.0006123314966942904,0.005533140075445492
2025-03-21,143.47621154785156,-0.0027926936201189347,0.005949975386387772
2025-03-24,144.5716552734375,0.007606020615688573,0.0038156485179157867
2025-03-25,142.724609375,-0.012858303947828843,0.007452679952415163
2025-03-26,142.20388793945312,-0.0036551065982010646,0.007418452882201611
2025-03-27,142.42987060546875,0.0015878841262760676,0.007523571832591906
2025-03-28,141.9877471923828,-0.0031089759673089998,0.007532990697887699
2025-03-31,143.45162963867188,0.010257136187493633,0.00842606447268087
2025-04-01,140.8284149169922,-0.018455668835252965,0.010435405842652203
2025-04-02,141.7716064453125,0.006675123561146768,0.011188287847856715
2025-04-03,140.62208557128906,-0.008141309496558906,0.011550876880914341
2025-04-04,132.90965270996094,-0.05640645345918338,0.026764093421193937
2025-04-07,132.1138458251953,-0.00600557521142319,0.024049070460158976
2025-04-08,130.64993286132812,-0.011142541162350094,0.024120150210361648
2025-04-09,136.32867431640625,0.042547214987888764,0.03504259546828496
2025-04-10,132.52647399902344,-0.028286263838088254,0.03622548388514848
2025-04-11,134.47178649902344,0.014571981997075186,0.027182885484423748
2025-04-14,136.11251831054688,0.012127472965811866,0.02700060968996117
2025-04-15,135.2774200439453,-0.006154251019243452,0.026293428856528148
2025-04-16,133.9019317626953,-0.010219953679096018,0.017587876782534505
2025-04-17,133.115966796875,-0.005887000384441609,0.011537522262135315
2025-04-21,130.2471466064453,-0.02178690577321329,0.012195680294486286
2025-04-22,132.69349670410156,0.018608159291098346,0.014734938586452069
2025-04-23,133.3517608642578,0.004948522739801639,0.015357522797655758
2025-04-24,134.98268127441406,0.01215602798060472,0.015928920624069486
2025-04-25,135.631103515625,0.004792242809534248,0.015379225297734871
2025-04-28,136.17147827148438,0.003976234988424191,0.006355731818898269
2025-04-29,136.8395538330078,0.00489413845209694,0.0033786760687775272
2025-04-30,138.0087127685547,0.00850771956540048,0.0034358072266149745
2025-05-01,134.2458038330078,-0.027644342632679366,0.014944285268008518
2025-05-02,136.1027069091797,0.013737322043698793,0.01629922050172567
2025-05-05,135.7195281982422,-0.0028193349568978844,0.016240349232336436
2025-05-06,131.97628784179688,-0.027968194734885585,0.019707715567842694
2025-05-07,132.98825073242188,0.007638515074317786,0.01953720314137388
2025-05-08,131.7896270751953,-0.009053866999683366,0.0162096161689317
2025-05-09,130.35519409179688,-0.010943930105302658,0.013018526417219943
2025-05-12,133.57772827148438,0.024420555794240635,0.019925275791120595
2025-05-13,129.55938720703125,-0.030544178159719184,0.020742925541658477
2025-05-14,126.51372528076172,-0.02378856196629485,0.021205818243884785
2025-05-15,128.17410278320312,0.013038715184239102,0.02361261423870537
2025-05-16,130.75802612304688,0.019958968614079028,0.025795690074014423
2025-05-19,132.01556396484375,0.00957133813690273,0.023082160439757714
2025-05-20,132.33981323242188,0.0024531328518684493,0.016894669898534085
2025-05-21,129.27447509765625,-0.023435099392694173,0.01674813861104169
2025-05-22,128.26254272460938,-0.007858579628258394,0.016634713749000166
2025-05-23,128.0561981201172,-0.00161006291141879,0.012489926374787503
2025-05-27,129.8443145751953,0.013866937212840352,0.013755541009251243
2025-05-28,129.17623901367188,-0.005158486720246361,0.01337322854843325
2025-05-29,130.04080200195312,0.00667059689249739,0.008954911991123573
2025-05-30,130.31590270996094,0.0021132608103377163,0.007416330403052307
2025-06-02,130.39450073242188,0.0006029527307261862,0.0071193490829724185
2025-06-03,130.69906616210938,0.0023329994028802674,0.00426523637680167
2025-06-04,130.95449829101562,0.001952445865458384,0.0023019069282853737
2025-06-05,130.7776641845703,-0.001351260247724863,0.0015431184169809923
2025-06-06,132.0254364013672,0.009495942705954382,0.004112331393427059
2025-06-09,131.79945373535156,-0.0017131266209674176,0.004506044370709527
2025-06-10,133.30262756347656,0.011340461232879698,0.006114344878311498
2025-06-11,133.3714141845703,0.0005158854020318407,0.006263312987298462
2025-06-12,134.41282653808594,0.007778035040190873,0.0057475475617862195
2025-06-13,133.74476623535156,-0.004982605026763532,0.00677586619139852
2025-06-16,133.33212280273438,-0.0030900746406718666,0.007018018795994844
2025-06-17,131.13136291503906,-0.01664358831252719,0.008919209790656179
2025-06-18,130.9053955078125,-0.0017247004931675428,0.008734920578740953
2025-06-20,130.276611328125,-0.004814921227441872,0.005961456954413111
2025-06-23,130.4641571044922,0.0014385614481216757,0.0069179551697041534
2025-06-24,132.06338500976562,0.01218346596607306,0.010433002318441527
2025-06-25,132.1818389892578,0.0008965459101505633,0.006417464862275067
2025-06-26,132.49774169921875,0.002387058791174242,0.00614317822260323
2025-06-27,132.21145629882812,-0.002163018997260901,0.0054364020523594726
2025-06-30,133.0604248046875,0.006400764384302306,0.005543716441296329
2025-07-01,134.95579528808594,0.014143935618425784,0.006291348701871928
2025-07-02,133.6231231689453,-0.009923958768806434,0.009032725265294963
2025-07-03,133.7613067626953,0.0010335950084103898,0.009044827338610471
2025-07-07,132.6359405517578,-0.008448832835835243,0.010123014640387297
2025-07-08,133.2381134033203,0.004529767927780651,0.009888750971079281
2025-07-09,133.75144958496094,0.003845369897218957,0.006895122366017826
2025-07-10,134.57078552246094,0.006107123278334989,0.005810876723774503
2025-07-11,133.45529174804688,-0.008323818536147509,0.007283923662024912
2025-07-14,133.29734802246094,-0.0011841962964575594,0.0058809495951260265
2025-07-15,130.89852905273438,-0.01815989651188128,0.00987150866657023
2025-07-16,132.52735900878906,0.01236667152714599,0.011977012156878233
2025-07-17,131.01698303222656,-0.01146215093097811,0.011635396093052695
2025-07-18,130.1482696533203,-0.006652619932274545,0.011552417078864586
2025-07-21,129.40789794921875,-0.005704920973045646,0.011352486695534866
2025-07-22,131.81658935546875,0.018442066431179436,0.013147807849692175
2025-07-23,134.5214385986328,0.02031209933360861,0.01513495846147905
2025-07-24,134.01797485351562,-0.003749649472538545,0.013610450407628717
2025-07-25,134.72872924804688,0.005289412229433296,0.012124305971466631
2025-07-28,133.5540008544922,-0.008757447047532941,0.012966417127783115
2025-07-29,132.7050323486328,-0.00637703346771982,0.01186332503802611
2025-07-30,132.46812438964844,-0.0017868175265557341,0.005368230128905293
2025-07-31,128.75636291503906,-0.028420086818339473,0.012603563639745867
2025-08-01,129.4473876953125,0.005352566943425701,0.012620245119275826
2025-08-04,131.30325317382812,0.0142350316839598,0.01600836967238464
2025-08-05,130.7998046875,-0.003841611842249419,0.015930430830448632
2025-08-06,128.83534240722656,-0.015132772205391854,0.016793613236266526
2025-08-07,127.35457611083984,-0.011560039481952635,0.012090417629577209
2025-08-08,128.4898223876953,0.00887456387013075,0.012725581379904618
2025-08-11,128.6181640625,0.000998348493459958,0.009640646553239355
2025-08-12,129.50662231445312,0.0068839709120586245,0.010840138512510004
2025-08-13,131.57965087890625,0.015880360959789265,0.010297017822055584
2025-08-14,132.24105834960938,0.0050140783742069605,0.005498774100248624
2025-08-15,134.46221923828125,0.01665680499660366,0.006897825949718585
2025-08-18,134.1463165283203,-0.0023521430896132197,0.007960851699334226
2025-08-19,135.00514221191406,0.00638174953518592,0.007988145480031076
2025-08-20,135.7356414794922,0.005396313258072627,0.006792779316494518
2025-08-21,135.2815399169922,-0.0033510937211947488,0.008073305912893472
2025-08-22,136.3970489501953,0.008212022204311272,0.005320334402392555
2025-08-25,134.4523162841797,-0.014360499498222701,0.009403452857903588
2025-08-26,135.29141235351562,0.006221451598585623,0.009378437921550454
2025-08-27,135.2124481201172,-0.0005838307483164192,0.008957615058874106
2025-08-28,134.6793670654297,-0.003950336526918178,0.009004627740647681
2025-08-29,135.66653442382812,0.0073030272731258086,0.008781270502931069
2025-09-02,135.7948760986328,0.0009455611692289019,0.004720605278077198
2025-09-03,135.15322875976562,-0.004736320548866661,0.004806198783022034
2025-09-04,135.66653442382812,0.0037907593796378844,0.005108520674340669
2025-09-05,136.13050842285156,0.003414124339593829,0.004464181323627668
2025-09-08,136.08116149902344,-0.0003625628863218648,0.003450433535543327
2025-09-09,136.81166076660156,0.005353757613365219,0.004065815074303996
2025-09-10,135.5678253173828,-0.009133170146398837,0.005838638316895988
2025-09-11,137.9271697998047,0.01725371984028865,0.009577776294991696
2025-09-12,136.3378143310547,-0.011590055983100405,0.01165939651344013
2025-09-15,135.17294311523438,-0.008580716094612433,0.012336510083247335
2025-09-16,135.17294311523438,0.0,0.011832393668844707
2025-09-17,135.4394989013672,0.0019700193409769137,0.011284397820191212
2025-09-18,135.70602416992188,0.0019659211140618236,0.006383376004414972
2025-09-19,135.52833557128906,-0.0013102220841187935,0.004358864331989292
2025-09-22,135.49363708496094,-0.00025605663022542887,0.0014495697279770343
2025-09-23,135.80105590820312,0.0022663101251989446,0.0016097968422630266
2025-09-24,135.25563049316406,-0.004024443436014772,0.0025792586035750247
2025-09-25,133.01443481445312,-0.01670889235173357,0.007450419119607028
2025-09-26,134.37303161621094,0.010162095565105991,0.009864013416163915
2025-09-29,134.7696990966797,0.002947638724064837,0.010083848921978899
2025-09-30,138.01251220703125,0.023776960152785246,0.015169851876817221
2025-10-01,142.27674865722656,0.030429745884797608,0.018508324682797977
2025-10-02,141.9990692138672,-0.0019535923509290637,0.013717016558037538
2025-10-03,143.6155242919922,0.011319255905985271,0.013665299290685336
2025-10-06,142.9213409423828,-0.004845343074254109,0.015467384772710363
2025-10-07,143.03041076660156,0.0007628547743197206,0.014377832430488712
2025-10-08,143.30809020996094,0.0019395193413299589,0.006110025492610197
2025-10-09,142.99075317382812,-0.0022168246461629257,0.006147643346476779
2025-10-10,140.9280548095703,-0.014530454470036392,0.006566984778827882
2025-10-13,140.76937866210938,-0.0011265716005115648,0.006626207897800617
2025-10-14,141.1561279296875,0.0027436290874006753,0.006960745158805087
2025-10-15,141.3743133544922,0.0015445094495771402,0.006897758279174291
2025-10-16,141.13632202148438,-0.0016848313621117897,0.0069114944477153915
2025-10-17,142.0784149169922,0.006652876757065972,0.0033564668965956916
2025-10-20,143.58575439453125,0.010553325401982913,0.004740827483218876
2025-10-21,143.92294311523438,0.0023455907819063338,0.004769653209672501
2025-10-22,144.7460479736328,0.005702774558631605,0.004620309631623797
2025-10-23,144.8253631591797,0.0005478108990119114,0.003898859786648132
2025-10-24,144.81544494628906,-6.848629486555589e-05,0.004384172346195701
2025-10-27,145.15261840820312,0.0023255913770422777,0.0022459882624173582
2025-10-28,144.2402801513672,-0.006305208482484387,0.004388059612124298
2025-10-29,142.78250122070312,-0.01015801922616315,0.005275989839936176
2025-10-30,143.099853515625,0.002220160985941574,0.0055801105218915795
2025-10-31,143.05026245117188,-0.00034660873564254936,0.005552411291684849
2025-11-03,143.2485809326172,0.0013853951404139981,0.005362811225886528
2025-11-04,143.89320373535156,0.004489934381507332,0.005682267346956393
2025-11-05,144.44854736328125,0.003851986834975002,0.0019397071269255958
2025-11-06,144.7261962890625,0.0019202853443809488,0.0019481900600139097
2025-11-07,144.92454528808594,0.0013695737766633422,0.0014654768567785002
2025-11-10,146.0550537109375,0.007770401189601397,0.00253232830146803
2025-11-11,149.42677307128906,0.022822829758002577,0.008900484786460277
2025-11-12,151.54898071289062,0.014102417131830509,0.009016378286851125
2025-11-13,151.4696502685547,-0.0005236011125218608,0.009584895777141892
2025-11-14,150.5672149658203,-0.005975681064208,0.01144911907573878
2025-11-17,150.43829345703125,-0.0008566056970041198,0.012058265051663014
2025-11-18,151.32089233398438,0.005849706887613317,0.007714935227364974
2025-11-19,151.0630645751953,-0.0017053009286988013,0.004236186207453512
2025-11-20,150.16061401367188,-0.005991914485669486,0.004858109956172733
2025-11-21,153.3240966796875,0.020848478622365153,0.01051878561709316
2025-11-24,153.96868896484375,0.004195303376463132,0.010218566090963117
2025-11-25,157.44949340820312,0.02235546673304946,0.012996031362423027
2025-11-26,157.10240173339844,-0.0022068969924419323,0.013090694228170177
2025-11-28,156.33880615234375,-0.004872346535646379,0.012801329182083146
2025-12-01,153.99842834472656,-0.015083089728666238,0.013871062851603935
2025-12-02,153.076171875,-0.006006743912114448,0.014010692371185504
2025-12-03,153.79019165039062,0.004653628737737261,0.007128318888992102
2025-12-04,152.6199951171875,-0.007638141765232232,0.007066392104854995
2025-12-05,151.9853057861328,-0.004167296154678533,0.00709623698899872
2025-12-08,150.1705322265625,-0.012012313867263374,0.0061446313039804565
2025-12-09,148.71278381347656,-0.009754709574568341,0.006510646944775439
2025-12-10,150.8746337890625,0.014432431895733715,0.01060877649672032
2025-12-11,152.30267333984375,0.009420560697438006,0.0117578917161067
2025-12-12,152.77867126464844,0.0031204681601697103,0.011627639713757753
2025-12-15,154.80169677734375,0.013154641164456181,0.009880153419613123
2025-12-16,152.78858947753906,-0.013089724439608047,0.011235547100137163
2025-12-17,152.5109100341797,-0.0018190630536463997,0.01028235599119067
2025-12-18,152.62991333007812,0.0007799893873241008,0.00944879403782687
2025-12-19,153.65135192871094,0.00666996320924257,0.009827293769301606
2025-12-22,154.6641845703125,0.006570128099783161,0.008104864160619672
2025-12-23,154.35545349121094,-0.001998133087958774,0.004322763337478583
2025-12-24,155.16213989257812,0.005212551694179698,0.0038736614999305644
2025-12-26,155.41111755371094,0.0016033429054225705,0.0037473898327929525
2025-12-29,155.17208862304688,-0.0015392266748684724,0.0038688017896585398
2025-12-30,155.04261779785156,-0.0008347175683998124,0.002983515672886631
2025-12-31,154.16622924804688,-0.00566860169059831,0.0040199342730936
2026-01-02,154.87332153320312,0.004576071362190466,0.003808408557565269
2026-01-05,154.40524291992188,-0.0030269085831650497,0.0037705708130818584
2026-01-06,157.4427490234375,0.019481300170886527,0.01000307301299505
2026-01-07,159.00633239746094,0.00988213390601606,0.010148416358138472
2026-01-08,157.47262573242188,-0.009692389539948453,0.011304459372906625
2026-01-09,156.66595458984375,-0.005135777431903319,0.012043358793396797
2026-01-12,156.7356719970703,0.0004449077634716559,0.011755988546358623
2026-01-13,156.09829711914062,-0.004074850066096617,0.007417345728689919
2026-01-14,157.2136993408203,0.007120103580261247,0.00636605786913203
2026-01-15,156.31739807128906,-0.005717478862987026,0.005378683893503662
2026-01-16,155.10238647460938,-0.007803086521494398,0.005936205510975047
2026-01-20,154.76376342773438,-0.00218560937862207,0.005779167432403268
2026-01-21,157.612060546875,0.0182368534394606,0.010758784676946962
2026-01-22,157.64193725585938,0.0001895405563897693,0.010362111785569983
2026-01-23,156.8352508544922,-0.005130344592401988,0.010276386947881038
2026-01-26,157.45272827148438,0.003929378484010571,0.009136696067266968
2026-01-27,154.81356811523438,-0.016903668618578088,0.012846132753318758
2026-01-28,153.67823791503906,-0.007360554178758217,0.007967692062623419
2026-01-29,153.19024658203125,-0.0031804617874478473,0.007544416775782944
2026-01-30,154.10647583007812,0.005963174328081885,0.009211556670170715
2026-02-02,155.05258178710938,0.006120531727716626,0.009693496946278496
2026-02-03,153.46910095214844,-0.010265046691789625,0.007541033323463944
2026-02-04,155.3911895751953,0.012446491150332112,0.00892815706884673
2026-02-05,154.2060546875,-0.0076560156687460685,0.009787557477170078
2026-02-06,157.06431579589844,0.01836565069639726,0.012463653792149889
2026-02-09,155.6800079345703,-0.008852706808782775,0.013521341963984348
2026-02-10,154.69406127929688,-0.006353301190400312,0.01281523333209633
2026-02-11,155.61029052734375,0.0059053758375275135,0.01171668640494776
2026-02-12,155.36131286621094,-0.0016012890670185484,0.010980984909212647
2026-02-13,157.02447509765625,0.010648230555138706,0.00820890349682343
2026-02-17,156.7257080078125,-0.0019044908735419122,0.0068163515208178
2026-02-18,157.02447509765625,0.0019044908735419413,0.0053235847111564
2026-02-19,156.61614990234375,-0.002603778933324072,0.005515430799096039
2026-02-20,156.17796325683594,-0.002801759455918046,0.005695861249261966
2026-02-23,157.8909149169922,0.010908235514254686,0.005805543873354597
2026-02-24,157.22366333007812,-0.004234983908987081,0.006188067575109902
2026-02-25,157.18382263183594,-0.00025343352327340514,0.0061524931413608295
2026-02-26,156.77549743652344,-0.002601135876124271,0.006152191821082114
2026-02-27,159.5441131591797,0.017505626160203885,0.00947703209004723
2026-03-02,157.88095092773438,-0.010479181635969252,0.010500293133799667
2026-03-03,156.09829711914062,-0.011355355329151492,0.011637374580412918
2026-03-04,156.4070281982422,0.001975845878643191,0.011736325482618645
2026-03-05,153.27987670898438,-0.020196254559862035,0.014622778403889893
2026-03-06,152.0748291015625,-0.007892813441804076,0.007953756837275299
2026-03-09,153.62843322753906,0.010164219312080358,0.011802955386225042
2026-03-10,152.52297973632812,-0.007221644249941898,0.011425595083657503
2026-03-11,152.22421264648438,-0.0019607543106574337,0.010983313354139608
2026-03-12,149.54522705078125,-0.017755648021320136,0.010187970421632345
2026-03-13,149.17672729492188,-0.002467176833967918,0.010082346053450084
2026-03-16,150.39173889160156,0.008111790099727888,0.009387036000126124
2026-03-17,149.02735900878906,-0.00911357582624904,0.009572626723858358
2026-03-18,146.53758239746094,-0.016847975904616553,0.010772166969546774
2026-03-19,146.009765625,-0.0036084233799523716,0.009183351621018302
2026-03-20,144.73500061035156,-0.00876901895642534,0.00921808461468206
2026-03-23,144.77000427246094,0.00024181732052701733,0.006453825795078138
